"timestamp","title"
2024-11-26 00:05:00.000,"KuCoin Taps FLOKI, WIF & MOODENG for In-Shop Card Payments"
2024-11-26 00:10:57.000,Ethereum reclaims USDT dominance against Tron after 2 years
2024-11-26 00:30:20.000,"From Bitcoin to Altcoins: Crypto Inflows Hit Record $3.1 Billion, Led by Spot ETFs"
2024-11-26 01:03:49.000,SEC Nets Record $8.2B in Enforcement Actions for 2024
2024-11-26 01:43:45.000,Ark Invest Increases Holdings in 3iQ Ether Staking ETF
2024-11-26 01:57:49.000,Base sees record 106 TPS as total value locked crosses $10B
2024-11-26 02:00:29.000,Is Tezos [XTZ] crypto poised for a correction? Key data says…
2024-11-26 02:00:36.000,"Chainlink May Reach New ATH If This Barrier Breaks, Analyst Says"
2024-11-26 02:37:36.000,Bitcoin Price Slips Below $95K: Is The Rally Losing Steam?
2024-11-26 03:09:59.000,BlockSec integrates Neo X support into Phalcon Explorer
2024-11-26 03:55:20.000,"Cryptocurrency Prices Today Nov 26: BTC Falls Below $93K, LDO Surges 15%"
2024-11-26 04:00:00.000,Spell Wallet Daily Puzzle 26 November 2024: Earn Reward of 1 MANA
2024-11-26 04:00:11.000,Solana Outpaces Ethereum In DeFi Activity As Monthly DEX Volume Surpasses $100 Billion
2024-11-26 04:23:51.000,"Potential Timeline for Approval of SOL, XRP, LTC, and HBAR ETFs Discussed"
2024-11-26 04:53:31.000,Donald Trump-backed World Liberty Financial Protocol Receives Largest $WLFI Investment From Tron DAO
2024-11-26 04:58:55.000,Movement developers plan token generation event on Ethereum ahead of mainnet launch
2024-11-26 05:00:14.000,Ethereum Classic rises 10% in 24 hours: Is $35 the new target for ETC?
2024-11-26 05:18:07.000,Ethereum Foundation Sends ETH To Kraken In $19.45M Transfer
2024-11-26 05:42:26.000,Phantom Wallet Adds Base Network Expanding Multi-Chain Access
2024-11-26 06:30:11.000,Polygon: Analyst Sets ‘Wild’ Price Target Amid POL’s 38.2% Weekly Surge
2024-11-26 06:33:45.000,NY Fed Report Highlights Potential Risks of Digital Assets to Financial Stability
2024-11-26 07:36:25.000,Nick Johnson sheds light on ENS Labs’ upcoming rollup ‘Namechain’
2024-11-26 07:51:48.000,Bullish Flag Breakout: Will AKT Price Trigger a New All-Time High?
2024-11-26 08:00:00.000,"Base Blockchain Hits Record 106 TPS, Surpasses $10B TVL"
2024-11-26 08:00:28.000,Orchid crypto trading volume soars 2500% in 24 hours: Impact on OXT?
2024-11-26 08:01:01.000,Rumble Invests $20 Million in Bitcoin
2024-11-26 08:04:41.000,Elon Musk's Doge Meme Sparks Debate Over Market Manipulation
2024-11-26 08:30:00.000,"Cardano Bulls Withdraw $100 Million from Exchanges, Hint at Fresh ADA Surge"
2024-11-26 08:35:34.000,Polkadot: The Hub of the Multichain Ecosystem
2024-11-26 08:44:08.000,"Donald Trump Holds Over $5.4M in Crypto, Largest by a U.S. President, with Ethereum as Top Asset"
2024-11-26 08:52:43.000,Solana Hits $100B DEX Trading Milestone
2024-11-26 09:00:22.000,Lido breaks out: Is $4 the next target for LDO?
2024-11-26 09:25:47.000,"Schuman Financial debuts EURØP, a MiCA-compliant euro stablecoin"
2024-11-26 09:30:00.000,LDO’s 8% Surge Can’t Halt $53 Million Exit from Futures Market
2024-11-26 09:35:05.000,Can Cardano Price Hit $3.11 Before 2024 Ends Amid Its Bullish Rally?
2024-11-26 09:50:52.000,Binance Announces Delisting of 8 Altcoin Spot Trading Pairs
2024-11-26 10:04:54.000,Hot Altcoins Remain Traders’ Favourite despite Bitcoin Price Pullback
2024-11-26 10:12:49.000,Artrade Tokenizes an Original Picasso Artwork on the Solana Blockchain
2024-11-26 10:19:42.000,"Bitcoin’s Dip Fuels Altcoin Surge: Ethereum, SAND, and XLM Hit New Highs"
2024-11-26 10:28:00.000,"Cardano to Power Bitcoin With DeFi, Announces Charles Hoskinson"
2024-11-26 10:30:46.000,Polygon’s path to revival: How crossing $0.6 could spark a massive rally
2024-11-26 10:42:56.000,"Uniswap Targets 2x Rally, AAVE Eyes $290: What’s Next?"
2024-11-26 11:05:26.000,Jasmy Price Falls As Whales Sell: Can It Soar 95% in 2024?
2024-11-26 11:15:21.000,Cardano’s Charles Hoskinson advocates for Bitcoin-powered DeFi ecosystem
2024-11-26 11:25:19.000,Binance Launches BFUSD with Up to 38.98% APY for Futures Trading
2024-11-26 11:30:07.000,Crypto inflows surge as Bitcoin ETFs lead the way – Trump effect?
2024-11-26 11:32:57.000,"Fantom Price Soars 40% In 7 Days, Targets To Hit $1.20?"
2024-11-26 12:05:04.000,"Talus Network raises Polychain-led funding round at $150 million valuation, plans TikTok-linked ‘AI dating experience’"
2024-11-26 12:05:51.000,"Binance Completely Delisting These Crypto, Prices Crashed"
2024-11-26 12:19:36.000,"Ethereum Defies Bitcoin Dip – $4,000 in Sight!"
2024-11-26 12:22:04.000,DICK’S Sporting Goods Beats Expectations with $2.75 EPS in Q3
2024-11-26 12:22:59.000,Interesting Cardano (ADA) Price Predictions: How Likely is a New ATH? (Analysts Speculate)
2024-11-26 12:30:08.000,"Digital Assets Platform Nexo Introduces USD, EUR, and GBP Fiat Accounts"
2024-11-26 12:40:24.000,VTIS 2024: Unlocking the Gateway to Emerging Tech Markets
2024-11-26 13:00:31.000,Starknet launches phase 1 staking on Ethereum layer 2
2024-11-26 13:07:30.000,Binance Delisting 5 Tokens from Spot Trading on Dec 10
2024-11-26 13:08:00.000,Starknet Becomes First Rollup To Deploy Native Staking
2024-11-26 13:13:27.000,"Binance Delisting These Cryptos, Prices Plunge"
2024-11-26 13:19:00.000,"Binance Announces Five Big Delistings, Impacting DeFi, Blockchain and More"
2024-11-26 13:45:00.000,"Cats Youtube Code Today November 27, 2024: Boost Your Earnings"
2024-11-26 13:46:07.000,"Crypto Price Analysis 11-26 BITCOIN: BTC, ETHEREUM: ETH, SOLANA: SOL, CHAINLINK: LINK. APTOS: APT, INJECTIVE: INJ, OPTIMISM: OP"
2024-11-26 14:00:28.000,Casper Association Secures 425M CSPR and Announces Feature-Complete Casper 2.0 Release
2024-11-26 14:08:24.000,Crypto Prices in Healthy Pullback as Popcat And MOG Meme Coins Challenger Catslap (SLAP) Readies For Takeoff With ‘Major Announcement’
2024-11-26 14:09:14.000,Has Mango DAO ‘died’ while violating its SEC settlement?
2024-11-26 14:37:44.000,Phantom Adds Base Network to Expand Multi-Chain Token Swapping
2024-11-26 14:55:00.000,Jupiter Whales Are Opting Against “Growing The Pie” in Crucial Ongoing Proposal
2024-11-26 15:05:12.000,Zashi-Flexa Integration is Here: Spend ZEC at Thousands of Retailers!
2024-11-26 15:20:00.000,Bitcoin L2 Stacks Is Getting a Liquidity Boost From Velar: Here's How
2024-11-26 15:52:13.000,Uniswap Labs offers bug bounty worth up to $15.5 million
2024-11-26 16:05:17.000,Velar Partners with StackingDAO for First STX/stSTX Stableswap
2024-11-26 16:07:27.000,Lido DAO Briefly Jumps 5% Then Crashes During One of the Worst 24 Hours in Crypto
2024-11-26 16:10:40.000,STRK Staking Phase 1 Is Now Live On Mainnet
2024-11-26 16:40:12.000,Uniswap v4 Bug Bounty Program With Biggest Rewards Ever
2024-11-26 16:40:22.000,Uniswap unveils $15.5M core contracts bug bounty ahead of v4 launch
2024-11-26 16:44:03.000,"Sky Mavis Cuts 21% of Workforce, Prioritizing New Axie Game and Ronin Blockchain"
2024-11-26 17:01:05.000,Flare is Building a ‘Fully Decentralized’ DeFi Hub: Co-Founder
2024-11-26 17:03:29.000,Use Bitcoin Easily And Privately With Cake Wallet
2024-11-26 17:13:04.000,Uniswap Pledges $15.5M to Reward Bug Hunters in New Bounty Program
2024-11-26 17:20:16.000,Cardano Founder Predicts a Future of Hybrid Apps with Bitcoin and ADA Integration
2024-11-26 17:30:00.000,Uniswap Offers $15.5 Million Bug Bounty for v4 Core Vulnerabilities
2024-11-26 17:32:59.000,Uniswap Launches $15.5M Bug Bounty Ahead of v4 Launch
2024-11-26 17:35:40.000,"Best Crypto to Buy Now November 26 – FTM, ARB, TAO"
2024-11-26 17:42:10.000,Starknet debuts Ethereum layer-2 staking with Bitwise as early validator
2024-11-26 17:55:22.000,"One Crypto Asset Is About To Accelerate After Clear Trend Change, Says Trader – Here’s His Price Targets"
2024-11-26 17:59:21.000,Uniswap Labs Announces Record $15.5 Million Bug Bounty For Security Issues
2024-11-26 18:00:55.000,DeSci project carrying URO and RIF tokens compromised through its GitHub repository
2024-11-26 18:31:55.000,Bitcoin reserve bill introduced in Brazil
2024-11-26 18:33:10.000,Uniswap Launches $15.5 Million Bug Bounty for v4 Contracts
2024-11-26 18:35:00.000,Uniswap launches $15 million all-time high bug bounty for v4 protocol
2024-11-26 18:35:00.000,Cardano Fans Skeptical After BitcoinOS Token Reveal
2024-11-26 18:41:55.000,Binance Delisting News Triggers Tokens Price Drop Over 30-40%!
2024-11-26 18:44:38.000,"Crypto Today: SEI, Fantom and SUI emerge as top gainers, while Morocco moves to legalize crypto"
2024-11-26 18:45:52.000,Uniswap v4 launches the largest bug bounty in history – A new era of millionaire bug bounty hunters
2024-11-26 18:49:38.000,Uniswap Labs Launches $15.5M Bug Bounty Ahead of v4 Launch
2024-11-26 18:52:52.000,Tron founder Justin Sun named advisor to Trump-backed World Liberty Financial following $30 million investment
2024-11-26 18:53:06.000,Uniswap Unveils Largest Bug Bounty Campaign Worth $15.5M To Enhance V4 Security
2024-11-26 19:24:43.000,"The Daily: Binance unveils reward-bearing asset BFUSD, Movement introduces the MOVE token and more"
2024-11-26 19:30:00.000,Stellar (XLM) Price Bullish Momentum Fades After 94% Weekly Gains
2024-12-26 00:00:00.000,"PayPal fraud via ""guest account""; German consumer advice center warnsBorn's Tech and Windows World"
2024-12-26 00:00:00.000,"Tom Homan, incoming border czar: No 'price tag' for mass deportations"
2024-12-26 00:00:00.000,Letters: Northern Midlands Council questionable fund use
2024-12-26 00:00:00.000,"Bitcoin Prices Trade Close To $95,000 After Nearly 5% Drop"
2024-12-26 00:00:00.000,More than a third of Americans say their retirement savings are way off track - 7 ways to get your fund going | Business News | ArcaMax Publishing
2024-12-26 00:00:00.000,More than a third of Americans say their retirement savings are way off track - 7 ways to get your fund going | Home and Consumer News | ArcaMax Publishing
2024-12-26 00:00:00.000,F&O Rollovers: F&O rollovers hint at a bearish January - The Economic Times
2024-12-26 00:00:00.000,$20 billion in Medicaid waste | Opinion | bradfordera.com
2024-12-26 00:00:00.000,Moore Park advocates say consultancy fee nearing $1 million is a double-bogey - Australian Golf Digest
2024-12-26 00:00:00.000,Whopping amount of money: Donald Trump's border czar Tom Homan says admin will require a massive &86 billi
2024-12-26 00:00:00.000,Woman suspected in robbery at Hilo grocery store strikes employee when confronted : Big Island Now
2024-12-26 18:00:19.000,Tron signals a potential local bottom: What it means for TRX
2024-12-26 18:28:55.000,"KULR Technology adopts Bitcoin treasury strategy with $21M purchase, stock rises 30%"
2024-12-26 18:30:18.000,BNB breakout sparks rally: Will it reach $800 soon?
2024-12-26 18:41:00.000,Token Merger: Bitget Unifies BGB and BWB for Ecosystem Growth
2024-12-26 19:00:00.000,Here Is Why Stellar (XLM) Could Lose the $10 Billion Market Cap Soon
2024-12-26 19:24:42.000,Kaito Genesis Drop Sparks Controversy
2024-12-26 19:41:48.000,"Animoca Brands Founder’s X Social Media Account Hacked, Used To Promote Fake Solana Ecosystem Token"
2024-12-26 19:48:40.000,Just In: Bonk DAO Burns 1.69 Trillion BONK
2024-12-26 20:37:49.000,"Bitget Token ($BGB) Surges 347% in One Month, Altura ($ALU) Poised for Similar Surge"
2024-12-26 20:54:25.000,Bitget Announces Token Merger As BGB Hits All-Time High Amid Liquidations
2024-12-26 21:00:00.000,"Solana (SOL) Price Nears $183 Support, But Momentum Could Be Improving"
2024-12-26 21:00:06.000,"Aave and Chainlink Collaborate to Optimize MEV Recapture, Potentially Worth Millions and 40%+ of Leaked MEV"
2024-12-26 21:00:20.000,MEW vs POPCAT: Could a memecoin flippening be closer than you think?
2024-12-26 21:02:36.000,"3 crypto to buy to turn $100 to $100k in 2025: iDEGEN, HBAR, LINK"
2024-12-26 21:20:45.000,"Defi Doesn’t Sleep—Mystery Whale Dumps 125,000 ETH Into Aave on Christmas Day"
2024-12-26 21:20:52.000,"Bonk DAO burns 1.69T tokens, bringing the supply down to 91T"
2024-12-26 21:27:54.000,"Ethereum co-founder Vitalik Buterin ‘adopts’ viral pygmy hippo Moo Deng with $293,000 donation to Thai zoo"
2024-12-26 21:43:19.000,"Crypto Price Predictions: Bitget Token, Huobi HT, iDEGEN"
2024-12-26 22:02:24.000,Solana’s Jito staking pool exceeding $100M in monthly tips: Kairos Research
2024-12-26 22:20:45.000,"KULR Technology purchases 217.18 Bitcoin for $21 Million, launches Bitcoin Treasury"
