timestamp,title
2019-12-17 08:30,Global markets stabilize after sharp cryptocurrency sell-off
2019-12-17 12:45,Crypto markets remain under pressure as liquidation concerns linger
2019-12-17 18:30,Ethereum slides further as investors cut risk exposure
2019-12-17 21:00,Asian markets cautious ahead of Federal Reserve policy decision
2019-12-18 01:15,Bitcoin and Ether rebound as bargain hunters step in
2019-12-18 06:00,Investors brace for Federal Reserve interest rate announcement
2019-12-18 10:00,U.S. Federal Reserve expected to hold rates steady
2019-12-18 14:00,Ethereum surges as crypto markets stage sharp recovery
2019-12-18 18:00,Federal Reserve keeps interest rates unchanged. Signals steady outlook
2019-12-18 19:30,Global stocks rise after Fed reassures markets
2019-12-18 21:00,U.S. House of Representatives votes to impeach President Trump
2019-12-19 00:30,Markets digest impeachment vote with limited reaction
2019-12-19 03:00,Cryptocurrency rally cools as traders lock in gains
2019-12-19 06:30,Asian markets mixed as investors assess Fed and U.S. politics
2019-12-19 09:15,Ethereum retreats slightly after strong rebound
2019-12-19 12:00,Global markets steady as year-end trading approaches
2019-12-19 15:30,Crypto markets consolidate following volatile sessions