"timestamp","open","high","close","low","volume"
2025-09-11 00:00:00,113794.0,114115.0,113760.0,113450.0,60.7849
2025-09-11 01:00:00,113759.0,113920.0,113627.0,113374.0,53.318123
2025-09-11 02:00:00,113593.0,113655.0,113621.0,113207.0,170.80296
2025-09-11 03:00:00,113621.0,113901.0,113600.0,113595.0,75.60429
2025-09-11 04:00:00,113609.0,113885.0,113878.0,113566.0,20.644173
2025-09-11 05:00:00,113879.0,114031.0,113904.0,113753.0,31.947113
2025-09-11 06:00:00,113928.0,114047.0,113945.0,113813.0,43.681606
2025-09-11 07:00:00,113986.0,114031.0,113898.0,113708.0,25.370703
2025-09-11 08:00:00,113904.0,114195.0,113951.0,113869.0,25.288195
2025-09-11 09:00:00,113951.0,113983.0,113846.0,113753.0,33.52246
2025-09-11 10:00:00,113858.0,114462.0,114454.0,113846.0,49.899414
2025-09-11 11:00:00,114399.0,114399.0,114190.0,114115.0,38.581684
2025-09-11 12:00:00,114203.0,114370.0,114298.0,114007.0,83.826965
2025-09-11 13:00:00,114295.0,114485.0,114421.0,114115.0,48.34049
2025-09-11 14:00:00,114339.0,114355.0,114076.0,114007.0,59.851738
2025-09-11 15:00:00,114115.0,114250.0,114089.0,114020.0,38.87447
2025-09-11 16:00:00,114088.0,114117.0,113917.0,113815.0,37.790504
2025-09-11 17:00:00,113917.0,114148.0,114104.0,113912.0,41.735466
2025-09-11 18:00:00,114059.0,114154.0,114045.0,113934.0,14.015333
2025-09-11 19:00:00,114055.0,114527.0,113998.0,113561.0,191.11241
2025-09-11 20:00:00,114015.0,114731.0,114650.0,113460.0,183.78673
2025-09-11 21:00:00,114665.0,114700.0,114551.0,113959.0,158.48595
2025-09-11 22:00:00,114496.0,114735.0,114154.0,114025.0,39.131905
2025-09-11 23:00:00,114224.0,114617.0,114451.0,114210.0,15.563348
2025-09-12 00:00:00,114452.0,114649.0,114613.0,114364.0,43.532497
2025-09-12 01:00:00,114603.0,114654.0,114341.0,114137.0,25.425924
2025-09-12 02:00:00,114310.0,114575.0,114560.0,114232.0,54.008522
2025-09-12 03:00:00,114446.0,114546.0,114447.0,114287.0,47.415596
2025-09-12 04:00:00,114434.0,114554.0,114525.0,114434.0,17.92233
2025-09-12 05:00:00,114525.0,115306.0,115179.0,114476.0,158.265
2025-09-12 06:00:00,115117.0,115533.0,115531.0,115117.0,57.036484
2025-09-12 07:00:00,115533.0,116358.0,115961.0,115466.0,169.91
2025-09-12 08:00:00,115962.0,116073.0,115424.0,115415.0,94.52329
2025-09-12 09:00:00,115424.0,115700.0,115447.0,115306.0,69.06345
2025-09-12 10:00:00,115435.0,115449.0,115242.0,115106.0,46.70511
2025-09-12 11:00:00,115228.0,115535.0,115388.0,115121.0,99.0513
2025-09-12 12:00:00,115388.0,115701.0,115661.0,115343.0,36.825108
2025-09-12 13:00:00,115660.0,115660.0,115365.0,115300.0,36.889294
2025-09-12 14:00:00,115357.0,115440.0,115148.0,115144.0,169.97188
2025-09-12 15:00:00,115147.0,115313.0,115109.0,114995.0,86.33359
2025-09-12 16:00:00,115109.0,115164.0,115036.0,114912.0,42.258648
2025-09-12 17:00:00,115036.0,115114.0,115014.0,114958.0,17.448708
2025-09-12 18:00:00,114980.0,115161.0,114943.0,114937.0,33.316654
2025-09-12 19:00:00,114992.0,115216.0,115110.0,114770.0,56.496384
2025-09-12 20:00:00,115110.0,115241.0,115201.0,114858.0,86.06695
2025-09-12 21:00:00,115200.0,115507.0,115298.0,114865.0,376.27267
2025-09-12 22:00:00,115311.0,115327.0,115213.0,114974.0,101.14913
2025-09-12 23:00:00,115158.0,115565.0,115531.0,115059.0,59.95034
2025-09-13 00:00:00,115531.0,115995.0,115889.0,115449.0,89.23393
2025-09-13 01:00:00,115888.0,116578.0,116557.0,115838.0,102.83363
2025-09-13 02:00:00,116504.0,116805.0,116783.0,116309.0,227.44708
2025-09-13 03:00:00,116784.0,116784.0,116267.0,116095.0,71.62867
2025-09-13 04:00:00,116261.0,116261.0,115969.0,115867.0,27.392561
2025-09-13 05:00:00,115969.0,116465.0,116142.0,115969.0,36.494118
2025-09-13 06:00:00,116118.0,116242.0,116119.0,116021.0,21.019058
2025-09-13 07:00:00,116094.0,116364.0,116294.0,116040.0,71.99939
2025-09-13 08:00:00,116294.0,116348.0,115843.0,115687.0,42.861702
2025-09-13 09:00:00,115842.0,116053.0,115948.0,115772.0,27.922636
2025-09-13 10:00:00,115936.0,116077.0,115999.0,115909.0,13.824482
2025-09-13 11:00:00,115934.0,115961.0,115769.0,115742.0,13.921292
2025-09-13 12:00:00,115769.0,115955.0,115776.0,115735.0,23.61504
2025-09-13 13:00:00,115776.0,115883.0,115809.0,115729.0,13.015221
2025-09-13 14:00:00,115809.0,115924.0,115855.0,115773.0,9.155713
2025-09-13 15:00:00,115855.0,116104.0,116019.0,115848.0,16.078686
2025-09-13 16:00:00,116019.0,116100.0,116069.0,115930.0,12.079955
2025-09-13 17:00:00,116069.0,116244.0,116015.0,115986.0,24.619898
2025-09-13 18:00:00,116003.0,116074.0,116040.0,115948.0,20.33093
2025-09-13 19:00:00,116039.0,116130.0,116073.0,115931.0,23.624527
2025-09-13 20:00:00,116072.0,116073.0,115822.0,115702.0,26.807148
2025-09-13 21:00:00,115822.0,116026.0,115881.0,115679.0,49.765026
2025-09-13 22:00:00,115843.0,115993.0,115829.0,115693.0,33.608765
2025-09-13 23:00:00,115836.0,115885.0,115387.0,115177.0,67.358665
2025-09-14 00:00:00,115375.0,115632.0,115619.0,115244.0,50.91526
2025-09-14 01:00:00,115618.0,115715.0,115702.0,115478.0,18.789183
2025-09-14 02:00:00,115704.0,115854.0,115832.0,115640.0,23.31581
2025-09-14 03:00:00,115849.0,116038.0,115963.0,115849.0,21.721106
2025-09-14 04:00:00,115962.0,116038.0,115950.0,115905.0,3.5664048
2025-09-14 05:00:00,115976.0,115988.0,115934.0,115869.0,16.185339
2025-09-14 06:00:00,115935.0,116035.0,115983.0,115924.0,12.91121
2025-09-14 07:00:00,115983.0,116061.0,115957.0,115883.0,29.291481
2025-09-14 08:00:00,115941.0,116049.0,116025.0,115803.0,29.566578
2025-09-14 09:00:00,116026.0,116160.0,115914.0,115805.0,28.074663
2025-09-14 10:00:00,115922.0,115922.0,115722.0,115715.0,25.079437
2025-09-14 11:00:00,115716.0,115834.0,115811.0,115521.0,23.432858
2025-09-14 12:00:00,115811.0,115979.0,115927.0,115792.0,10.249955
2025-09-14 13:00:00,115928.0,116007.0,115795.0,115758.0,14.879064
2025-09-14 14:00:00,115797.0,115896.0,115896.0,115794.0,13.792225
2025-09-14 15:00:00,115875.0,116035.0,115978.0,115825.0,10.29389
2025-09-14 16:00:00,115970.0,116216.0,116130.0,115952.0,20.821215
2025-09-14 17:00:00,116131.0,116198.0,116087.0,116007.0,19.424572
2025-09-14 18:00:00,116087.0,116164.0,115829.0,115816.0,38.864216
2025-09-14 19:00:00,115913.0,115940.0,115839.0,115730.0,33.65651
2025-09-14 20:00:00,115840.0,115846.0,115407.0,115292.0,78.13966
2025-09-14 21:00:00,115388.0,115756.0,115448.0,115231.0,87.49631
2025-09-14 22:00:00,115467.0,115479.0,115260.0,115260.0,12.074592
2025-09-14 23:00:00,115274.0,115600.0,115559.0,115250.0,22.055578
2025-09-15 00:00:00,115549.0,115701.0,115605.0,115467.0,18.842308
2025-09-15 01:00:00,115582.0,115585.0,115448.0,115432.0,7.0551267
2025-09-15 02:00:00,115448.0,115687.0,115684.0,115371.0,16.793
2025-09-15 03:00:00,115685.0,115896.0,115857.0,115685.0,25.329369
2025-09-15 04:00:00,115852.0,116132.0,116111.0,115667.0,52.5578
2025-09-15 05:00:00,116118.0,116118.0,116084.0,115869.0,39.15623
2025-09-15 06:00:00,116065.0,116065.0,115416.0,115190.0,52.2271
2025-09-15 07:00:00,115379.0,115379.0,115033.0,115010.0,23.370962
2025-09-15 08:00:00,115045.0,115361.0,115343.0,114885.0,44.300613
2025-09-15 09:00:00,115351.0,115479.0,115413.0,115328.0,20.641186
2025-09-15 10:00:00,115419.0,115618.0,115561.0,115419.0,10.184262
2025-09-15 11:00:00,115469.0,116187.0,116096.0,115433.0,49.015
2025-09-15 12:00:00,116096.0,116592.0,116565.0,116048.0,32.4207
2025-09-15 13:00:00,116558.0,116786.0,116163.0,116092.0,48.31663
2025-09-15 14:00:00,116163.0,116424.0,115877.0,115687.0,62.165287
2025-09-15 15:00:00,115857.0,115857.0,114733.0,114685.0,88.63414
2025-09-15 16:00:00,114757.0,115202.0,114950.0,114757.0,37.003338
2025-09-15 17:00:00,114950.0,114989.0,114810.0,114762.0,14.245215
2025-09-15 18:00:00,114803.0,115231.0,115111.0,114774.0,26.624012
2025-09-15 19:00:00,115111.0,115117.0,114754.0,114706.0,37.906063
2025-09-15 20:00:00,114756.0,115123.0,114721.0,114421.0,199.26913
2025-09-15 21:00:00,114701.0,115063.0,114721.0,114477.0,142.62862
2025-09-15 22:00:00,114711.0,114958.0,114933.0,114431.0,186.03577
2025-09-15 23:00:00,114902.0,114959.0,114720.0,114633.0,33.991745
2025-09-16 00:00:00,114722.0,115147.0,115122.0,114639.0,31.107908
2025-09-16 01:00:00,115125.0,115446.0,115317.0,114912.0,31.56247
2025-09-16 02:00:00,115389.0,115582.0,115321.0,115016.0,189.05438
2025-09-16 03:00:00,115322.0,115537.0,115408.0,115231.0,51.26578
2025-09-16 04:00:00,115411.0,115563.0,115561.0,115323.0,54.016285
2025-09-16 05:00:00,115555.0,115643.0,115353.0,115260.0,57.785374
2025-09-16 06:00:00,115333.0,115519.0,115459.0,115275.0,24.75644
2025-09-16 07:00:00,115422.0,115422.0,115133.0,114990.0,68.68558
2025-09-16 08:00:00,115134.0,115535.0,115086.0,115050.0,55.334824
2025-09-16 09:00:00,115082.0,115259.0,115061.0,115060.0,8.052863
2025-09-16 10:00:00,115075.0,115451.0,115338.0,115075.0,20.664957
2025-09-16 11:00:00,115338.0,115569.0,115531.0,114981.0,48.62181
2025-09-16 12:00:00,115531.0,115977.0,115959.0,115476.0,56.02846
2025-09-16 13:00:00,115960.0,116035.0,115805.0,115632.0,34.93063
2025-09-16 14:00:00,115802.0,115919.0,115798.0,115744.0,28.388863
2025-09-16 15:00:00,115798.0,116001.0,115713.0,115563.0,51.469486
2025-09-16 16:00:00,115711.0,115753.0,115499.0,115480.0,16.0153
2025-09-16 17:00:00,115499.0,115615.0,115397.0,115396.0,18.90501
2025-09-16 18:00:00,115404.0,115454.0,115317.0,115233.0,51.484264
2025-09-16 19:00:00,115321.0,115480.0,115454.0,115320.0,34.756844
2025-09-16 20:00:00,115454.0,115562.0,115206.0,114776.0,149.80386
2025-09-16 21:00:00,115214.0,115332.0,115332.0,114818.0,117.94005
2025-09-16 22:00:00,115314.0,115864.0,115725.0,115041.0,78.87064
2025-09-16 23:00:00,115864.0,116247.0,116193.0,115646.0,67.37656
2025-09-17 00:00:00,116177.0,116902.0,116647.0,116147.0,91.89053
2025-09-17 01:00:00,116648.0,116821.0,116463.0,116274.0,24.285862
2025-09-17 02:00:00,116500.0,116878.0,116853.0,116449.0,93.358025
2025-09-17 03:00:00,116854.0,116966.0,116903.0,116778.0,47.687984
2025-09-17 04:00:00,116886.0,116983.0,116871.0,116644.0,41.941357
2025-09-17 05:00:00,116859.0,117006.0,116887.0,116736.0,24.96958
2025-09-17 06:00:00,116887.0,116960.0,116834.0,116677.0,23.227531
2025-09-17 07:00:00,116820.0,116859.0,116633.0,116608.0,36.32655
2025-09-17 08:00:00,116633.0,116803.0,116709.0,116565.0,45.033607
2025-09-17 09:00:00,116708.0,117109.0,116746.0,116611.0,68.08316
2025-09-17 10:00:00,116707.0,116801.0,116437.0,116425.0,26.790985
2025-09-17 11:00:00,116426.0,116522.0,116363.0,116216.0,21.686378
2025-09-17 12:00:00,116364.0,117238.0,117151.0,116364.0,105.771126
2025-09-17 13:00:00,117151.0,117323.0,117246.0,117042.0,71.5576
2025-09-17 14:00:00,117275.0,117321.0,117217.0,117163.0,35.292496
2025-09-17 15:00:00,117216.0,117228.0,116832.0,116733.0,56.140205
2025-09-17 16:00:00,116814.0,116839.0,116579.0,116579.0,19.740664
2025-09-17 17:00:00,116580.0,116637.0,116384.0,116301.0,21.973717
2025-09-17 18:00:00,116377.0,116386.0,116288.0,116287.0,11.3830385
2025-09-17 19:00:00,116287.0,116540.0,116233.0,116132.0,50.535492
2025-09-17 20:00:00,116232.0,116341.0,116138.0,115943.0,90.51469
2025-09-17 21:00:00,116152.0,116272.0,115639.0,115504.0,105.941414
2025-09-17 22:00:00,115641.0,115918.0,115909.0,115560.0,49.385044
2025-09-17 23:00:00,115918.0,115918.0,115773.0,115410.0,80.69832
2025-09-18 00:00:00,115763.0,116341.0,116136.0,115596.0,121.204895
2025-09-18 01:00:00,116101.0,116321.0,115227.0,114747.0,386.43286
2025-09-18 02:00:00,115242.0,116032.0,115696.0,115105.0,280.95758
2025-09-18 03:00:00,115745.0,116199.0,115670.0,115539.0,136.00935
2025-09-18 04:00:00,115666.0,116171.0,116089.0,115364.0,62.986813
2025-09-18 05:00:00,116088.0,116870.0,116780.0,116073.0,105.22993
2025-09-18 06:00:00,116598.0,117030.0,116442.0,116377.0,162.11467
2025-09-18 07:00:00,116436.0,116502.0,116394.0,116144.0,58.875378
2025-09-18 08:00:00,116394.0,116914.0,116681.0,116375.0,45.506382
2025-09-18 09:00:00,116681.0,117017.0,116991.0,116495.0,67.09674
2025-09-18 10:00:00,116999.0,117934.0,117620.0,116965.0,160.92772
2025-09-18 11:00:00,117626.0,117793.0,117633.0,117286.0,65.65191
2025-09-18 12:00:00,117633.0,117633.0,117309.0,117225.0,79.85784
2025-09-18 13:00:00,117309.0,117359.0,117124.0,116922.0,71.61882
2025-09-18 14:00:00,117127.0,117253.0,117101.0,117078.0,46.08123
2025-09-18 15:00:00,117101.0,117435.0,117261.0,117044.0,53.5505
2025-09-18 16:00:00,117262.0,117395.0,117344.0,117154.0,57.872723
2025-09-18 17:00:00,117344.0,117351.0,117227.0,117115.0,26.7519
2025-09-18 18:00:00,117310.0,117350.0,117083.0,117055.0,88.86944
2025-09-18 19:00:00,117105.0,117333.0,117176.0,117028.0,90.00076
2025-09-18 20:00:00,117173.0,117711.0,117472.0,117056.0,286.32584
2025-09-18 21:00:00,117458.0,117887.0,117716.0,117425.0,140.18054
2025-09-18 22:00:00,117694.0,117752.0,117683.0,117379.0,164.23926
2025-09-18 23:00:00,117711.0,117844.0,117641.0,117546.0,66.02359
2025-09-19 00:00:00,117646.0,117827.0,117639.0,117478.0,54.217266
2025-09-19 01:00:00,117639.0,117968.0,117886.0,117565.0,82.528755
2025-09-19 02:00:00,117846.0,117884.0,117508.0,117242.0,88.745285
2025-09-19 03:00:00,117509.0,117715.0,117580.0,117383.0,69.95914
2025-09-19 04:00:00,117580.0,117580.0,117352.0,117352.0,40.347324
2025-09-19 05:00:00,117352.0,117386.0,117126.0,117107.0,79.4199
2025-09-19 06:00:00,117119.0,117208.0,117150.0,116692.0,111.46844
2025-09-19 07:00:00,117154.0,117478.0,117478.0,117073.0,49.02657
2025-09-19 08:00:00,117492.0,117506.0,117257.0,117173.0,33.444614
2025-09-19 09:00:00,117261.0,117344.0,117165.0,117112.0,42.557526
2025-09-19 10:00:00,117189.0,117349.0,117044.0,116935.0,39.70337
2025-09-19 11:00:00,117028.0,117126.0,117039.0,116761.0,58.69897
2025-09-19 12:00:00,117039.0,117075.0,116955.0,116856.0,41.389523
2025-09-19 13:00:00,116955.0,116955.0,116775.0,116705.0,37.80833
2025-09-19 14:00:00,116733.0,117054.0,116975.0,116733.0,70.80411
2025-09-19 15:00:00,116977.0,117154.0,116998.0,116945.0,73.25102
2025-09-19 16:00:00,116998.0,117063.0,116537.0,116537.0,114.22825
2025-09-19 17:00:00,116537.0,116612.0,116598.0,116500.0,61.56867
2025-09-19 18:00:00,116571.0,116614.0,116456.0,116369.0,187.03772
2025-09-19 19:00:00,116455.0,116578.0,116206.0,116182.0,104.38023
2025-09-19 20:00:00,116205.0,116509.0,116325.0,116112.0,79.77623
2025-09-19 21:00:00,116324.0,116535.0,115896.0,115840.0,186.40227
2025-09-19 22:00:00,115940.0,115993.0,115951.0,115507.0,131.44965
2025-09-19 23:00:00,115947.0,116202.0,116101.0,115858.0,81.4635
2025-09-20 00:00:00,116100.0,116100.0,115590.0,115583.0,102.71101
2025-09-20 01:00:00,115590.0,115678.0,115463.0,115428.0,72.271126
2025-09-20 02:00:00,115469.0,115525.0,115218.0,115144.0,89.07835
2025-09-20 03:00:00,115171.0,115479.0,115384.0,115171.0,52.377773
2025-09-20 04:00:00,115395.0,115600.0,115522.0,115356.0,32.335117
2025-09-20 05:00:00,115522.0,115715.0,115671.0,115522.0,30.509678
2025-09-20 06:00:00,115671.0,115713.0,115702.0,115516.0,30.65572
2025-09-20 07:00:00,115702.0,115794.0,115784.0,115620.0,21.643509
2025-09-20 08:00:00,115784.0,115785.0,115646.0,115646.0,37.333313
2025-09-20 09:00:00,115646.0,115671.0,115670.0,115514.0,26.296371
2025-09-20 10:00:00,115670.0,115670.0,115512.0,115479.0,29.494331
2025-09-20 11:00:00,115512.0,115653.0,115641.0,115484.0,25.478024
2025-09-20 12:00:00,115640.0,115778.0,115775.0,115580.0,22.268663
2025-09-20 13:00:00,115775.0,115794.0,115769.0,115697.0,16.658173
2025-09-20 14:00:00,115768.0,116040.0,116023.0,115748.0,34.52436
2025-09-20 15:00:00,116025.0,116027.0,115770.0,115770.0,32.111168
2025-09-20 16:00:00,115771.0,115858.0,115765.0,115731.0,29.859304
2025-09-20 17:00:00,115775.0,115863.0,115810.0,115760.0,28.573845
2025-09-20 18:00:00,115821.0,116009.0,115959.0,115820.0,47.191853
2025-09-20 19:00:00,116008.0,116016.0,115945.0,115882.0,45.03273
2025-09-20 20:00:00,115949.0,116035.0,115995.0,115933.0,53.38277
2025-09-20 21:00:00,115995.0,116115.0,116050.0,115964.0,63.19714
2025-09-20 22:00:00,116046.0,116197.0,116059.0,116026.0,91.21102
2025-09-20 23:00:00,116067.0,116161.0,116155.0,115963.0,80.743484
2025-09-21 00:00:00,116149.0,116149.0,115905.0,115896.0,76.135826
2025-09-21 01:00:00,115905.0,115906.0,115794.0,115785.0,59.042812
2025-09-21 02:00:00,115793.0,115885.0,115782.0,115780.0,53.816513
2025-09-21 03:00:00,115782.0,115880.0,115802.0,115770.0,75.46685
2025-09-21 04:00:00,115802.0,116019.0,115866.0,115802.0,68.25407
2025-09-21 05:00:00,115867.0,115877.0,115861.0,115826.0,34.82141
2025-09-21 06:00:00,115858.0,115859.0,115757.0,115693.0,59.282997
2025-09-21 07:00:00,115757.0,115813.0,115726.0,115632.0,107.57403
2025-09-21 08:00:00,115725.0,115725.0,115577.0,115576.0,9.252288
2025-09-21 09:00:00,115576.0,115769.0,115766.0,115521.0,14.577973
2025-09-21 10:00:00,115766.0,115783.0,115711.0,115689.0,4.817016
2025-09-21 11:00:00,115722.0,115731.0,115570.0,115569.0,10.627565
2025-09-21 12:00:00,115569.0,115743.0,115743.0,115569.0,57.911484
2025-09-21 13:00:00,115743.0,115882.0,115783.0,115743.0,62.377213
2025-09-21 14:00:00,115782.0,115901.0,115877.0,115710.0,79.93264
2025-09-21 15:00:00,115885.0,115901.0,115701.0,115649.0,17.38703
2025-09-21 16:00:00,115701.0,115770.0,115767.0,115411.0,37.84942
2025-09-21 17:00:00,115757.0,115784.0,115587.0,115576.0,15.6054
2025-09-21 18:00:00,115586.0,115757.0,115675.0,115586.0,15.50015
2025-09-21 19:00:00,115675.0,115822.0,115749.0,115675.0,11.861172
2025-09-21 20:00:00,115742.0,115812.0,115728.0,115715.0,13.773462
2025-09-21 21:00:00,115728.0,115760.0,115566.0,115559.0,46.462093
2025-09-21 22:00:00,115562.0,115673.0,115602.0,115535.0,33.261143
2025-09-21 23:00:00,115609.0,115620.0,115410.0,115287.0,50.08004
2025-09-22 00:00:00,115409.0,115698.0,115697.0,115313.0,36.87437
2025-09-22 01:00:00,115685.0,115724.0,115599.0,115590.0,14.811387
2025-09-22 02:00:00,115596.0,115596.0,115554.0,115396.0,19.664062
2025-09-22 03:00:00,115573.0,115573.0,115382.0,115382.0,26.704765
2025-09-22 04:00:00,115382.0,115493.0,115468.0,115313.0,19.453407
2025-09-22 05:00:00,115469.0,115604.0,115604.0,115258.0,42.008366
2025-09-22 06:00:00,115597.0,115597.0,115318.0,115258.0,40.80465
2025-09-22 07:00:00,115318.0,115435.0,114445.0,114362.0,138.09108
2025-09-22 08:00:00,114452.0,114816.0,114513.0,114322.0,111.1715
2025-09-22 09:00:00,114524.0,114680.0,114271.0,114225.0,84.72548
2025-09-22 10:00:00,114328.0,114722.0,114721.0,114298.0,28.049482
2025-09-22 11:00:00,114707.0,114723.0,114481.0,114453.0,42.83383
2025-09-22 12:00:00,114480.0,114601.0,113746.0,113746.0,48.860046
2025-09-22 13:00:00,113778.0,113787.0,112949.0,111986.0,251.58368
2025-09-22 14:00:00,112897.0,113078.0,112611.0,112564.0,59.68586
2025-09-22 15:00:00,112585.0,112872.0,112713.0,112531.0,56.091377
2025-09-22 16:00:00,112713.0,112756.0,112476.0,112268.0,88.45387
2025-09-22 17:00:00,112476.0,112914.0,112859.0,112336.0,42.946423
2025-09-22 18:00:00,112875.0,113044.0,112948.0,112755.0,42.941666
2025-09-22 19:00:00,112908.0,112916.0,112827.0,112596.0,54.723522
2025-09-22 20:00:00,112823.0,113244.0,113244.0,112473.0,171.03804
2025-09-22 21:00:00,113223.0,113515.0,113031.0,112843.0,128.9646
2025-09-22 22:00:00,113013.0,113120.0,112930.0,112650.0,103.42611
2025-09-22 23:00:00,112932.0,112975.0,112695.0,112671.0,62.72417
2025-09-23 00:00:00,112699.0,112704.0,112430.0,112316.0,121.42221
2025-09-23 01:00:00,112431.0,112900.0,112513.0,112410.0,31.807076
2025-09-23 02:00:00,112540.0,112677.0,112177.0,112015.0,81.63801
2025-09-23 03:00:00,112193.0,113038.0,112843.0,112049.0,111.62678
2025-09-23 04:00:00,112846.0,113052.0,113052.0,112669.0,34.746788
2025-09-23 05:00:00,113051.0,113051.0,112726.0,112678.0,24.782206
2025-09-23 06:00:00,112744.0,112824.0,112715.0,112675.0,29.620804
2025-09-23 07:00:00,112755.0,112920.0,112504.0,112472.0,52.661953
2025-09-23 08:00:00,112493.0,112594.0,112288.0,112228.0,38.036713
2025-09-23 09:00:00,112293.0,112571.0,111923.0,111771.0,71.61534
2025-09-23 10:00:00,111827.0,112525.0,112415.0,111571.0,94.80155
2025-09-23 11:00:00,112449.0,112550.0,112517.0,111966.0,72.4808
2025-09-23 12:00:00,112520.0,112957.0,112735.0,112501.0,48.985497
2025-09-23 13:00:00,112757.0,113175.0,113078.0,112683.0,38.876667
2025-09-23 14:00:00,113042.0,113154.0,113151.0,112958.0,52.260345
2025-09-23 15:00:00,113153.0,113229.0,113195.0,113001.0,31.014147
2025-09-23 16:00:00,113167.0,113337.0,113001.0,112957.0,74.54331
2025-09-23 17:00:00,113001.0,113066.0,113025.0,112890.0,45.082962
2025-09-23 18:00:00,113014.0,113147.0,113018.0,112754.0,37.848354
2025-09-23 19:00:00,113049.0,113107.0,113008.0,112890.0,43.45391
2025-09-23 20:00:00,113005.0,113092.0,113012.0,112800.0,47.68403
2025-09-23 21:00:00,113009.0,113344.0,112692.0,112624.0,108.27666
2025-09-23 22:00:00,112704.0,113127.0,112901.0,112549.0,56.16316
2025-09-23 23:00:00,112938.0,113016.0,112795.0,112527.0,71.76911
2025-09-24 00:00:00,112796.0,112796.0,111955.0,111919.0,139.50154
2025-09-24 01:00:00,112010.0,112228.0,111806.0,111710.0,48.74373
2025-09-24 02:00:00,111814.0,111997.0,111676.0,111570.0,87.82586
2025-09-24 03:00:00,111716.0,112016.0,111986.0,111463.0,128.72081
2025-09-24 04:00:00,111977.0,112214.0,112182.0,111900.0,33.632565
2025-09-24 05:00:00,112181.0,112248.0,112188.0,112029.0,16.569748
2025-09-24 06:00:00,112190.0,112262.0,112007.0,111906.0,27.475058
2025-09-24 07:00:00,112016.0,112401.0,112242.0,111851.0,42.957115
2025-09-24 08:00:00,112242.0,112530.0,112464.0,112177.0,22.343822
2025-09-24 09:00:00,112462.0,112526.0,112137.0,111917.0,181.6607
2025-09-24 10:00:00,112136.0,112245.0,111718.0,111717.0,37.05219
2025-09-24 11:00:00,111715.0,112389.0,112195.0,111115.0,123.62108
2025-09-24 12:00:00,112178.0,112694.0,112659.0,112161.0,34.64243
2025-09-24 13:00:00,112670.0,112807.0,112618.0,112557.0,21.21762
2025-09-24 14:00:00,112618.0,112771.0,112549.0,112487.0,13.296715
2025-09-24 15:00:00,112617.0,112656.0,112620.0,112435.0,17.765083
2025-09-24 16:00:00,112615.0,112835.0,112777.0,112521.0,16.408741
2025-09-24 17:00:00,112805.0,112976.0,112960.0,112697.0,33.716316
2025-09-24 18:00:00,112968.0,113188.0,113062.0,112906.0,66.83913
2025-09-24 19:00:00,113055.0,113128.0,113097.0,112970.0,36.499653
2025-09-24 20:00:00,113097.0,113258.0,112861.0,112849.0,86.97512
2025-09-24 21:00:00,112876.0,113930.0,113785.0,112876.0,131.74174
2025-09-24 22:00:00,113765.0,113938.0,113517.0,113315.0,99.52729
2025-09-24 23:00:00,113371.0,113794.0,113710.0,113182.0,135.36603
2025-09-25 00:00:00,113747.0,114005.0,113871.0,113658.0,44.441162
2025-09-25 01:00:00,113848.0,113867.0,113694.0,113558.0,37.743904
2025-09-25 02:00:00,113662.0,113731.0,113493.0,113341.0,23.434763
2025-09-25 03:00:00,113471.0,113663.0,113558.0,113447.0,7.390858
2025-09-25 04:00:00,113546.0,113640.0,113393.0,113349.0,37.55656
2025-09-25 05:00:00,113402.0,113692.0,113372.0,113301.0,44.983036
2025-09-25 06:00:00,113376.0,113475.0,113323.0,113247.0,23.4766
2025-09-25 07:00:00,113336.0,113542.0,113055.0,113013.0,48.033054
2025-09-25 08:00:00,113035.0,113391.0,112795.0,112485.0,112.81587
2025-09-25 09:00:00,112822.0,113202.0,112924.0,112552.0,81.51102
2025-09-25 10:00:00,112850.0,112877.0,112551.0,112241.0,56.247982
2025-09-25 11:00:00,112548.0,112618.0,111786.0,111611.0,60.762585
2025-09-25 12:00:00,111742.0,112047.0,111766.0,111606.0,30.655699
2025-09-25 13:00:00,111756.0,111867.0,111538.0,111538.0,31.54032
2025-09-25 14:00:00,111553.0,111902.0,111756.0,111483.0,47.0211
2025-09-25 15:00:00,111822.0,112053.0,111753.0,111721.0,66.4795
2025-09-25 16:00:00,111756.0,112265.0,111599.0,111599.0,52.098434
2025-09-25 17:00:00,111561.0,111883.0,111674.0,111555.0,28.640387
2025-09-25 18:00:00,111677.0,111753.0,111321.0,111317.0,61.530327
2025-09-25 19:00:00,111367.0,111692.0,111140.0,111036.0,161.85489
2025-09-25 20:00:00,111134.0,111742.0,111021.0,110658.0,388.1008
2025-09-25 21:00:00,111021.0,111769.0,111606.0,111008.0,149.75566
2025-09-25 22:00:00,111581.0,111628.0,111429.0,110912.0,187.7717
2025-09-25 23:00:00,111629.0,111742.0,110954.0,110951.0,133.11328
2025-09-26 00:00:00,110909.0,110962.0,108731.0,108652.0,336.97266
2025-09-26 01:00:00,108789.0,109895.0,109783.0,108676.0,150.21411
2025-09-26 02:00:00,109846.0,109995.0,109440.0,109337.0,109.12297
2025-09-26 03:00:00,109422.0,109511.0,109139.0,109092.0,115.46534
2025-09-26 04:00:00,109206.0,109706.0,109448.0,109118.0,40.343624
2025-09-26 05:00:00,109412.0,109667.0,109470.0,109312.0,44.731216
2025-09-26 06:00:00,109471.0,109724.0,109043.0,108816.0,118.70816
2025-09-26 07:00:00,109012.0,109646.0,109559.0,108855.0,103.02129
2025-09-26 08:00:00,109567.0,109817.0,109731.0,109355.0,62.275352
2025-09-26 09:00:00,109787.0,109848.0,109665.0,109533.0,23.898752
2025-09-26 10:00:00,109609.0,109680.0,109643.0,109338.0,21.583492
2025-09-26 11:00:00,109644.0,109676.0,109375.0,109292.0,21.526419
2025-09-26 12:00:00,109380.0,109632.0,109304.0,109132.0,52.814503
2025-09-26 13:00:00,109302.0,109672.0,109369.0,109072.0,85.615585
2025-09-26 14:00:00,109419.0,109655.0,109152.0,109003.0,59.690212
2025-09-26 15:00:00,109475.0,109685.0,109612.0,109355.0,61.435722
2025-09-26 16:00:00,109611.0,109768.0,109614.0,109473.0,21.492983
2025-09-26 17:00:00,109558.0,109622.0,108957.0,108777.0,74.72805
2025-09-26 18:00:00,108970.0,109260.0,109138.0,108676.0,53.780815
2025-09-26 19:00:00,109142.0,109606.0,109448.0,108871.0,75.57608
2025-09-26 20:00:00,109428.0,109829.0,109701.0,109044.0,302.98502
2025-09-26 21:00:00,109704.0,109823.0,108874.0,108809.0,176.93272
2025-09-26 22:00:00,108894.0,109409.0,109071.0,108863.0,84.337654
2025-09-26 23:00:00,109086.0,109672.0,109516.0,109061.0,73.75723
2025-09-27 00:00:00,109545.0,110054.0,110043.0,109442.0,132.96193
2025-09-27 01:00:00,110049.0,110372.0,109794.0,109764.0,116.70381
2025-09-27 02:00:00,109751.0,109769.0,109219.0,109094.0,87.84696
2025-09-27 03:00:00,109235.0,109414.0,109375.0,109151.0,58.219357
2025-09-27 04:00:00,109352.0,109580.0,109520.0,109255.0,47.188583
2025-09-27 05:00:00,109520.0,109665.0,109616.0,109405.0,38.105545
2025-09-27 06:00:00,109614.0,109738.0,109725.0,109484.0,14.602761
2025-09-27 07:00:00,109660.0,109714.0,109709.0,109530.0,12.798172
2025-09-27 08:00:00,109711.0,109722.0,109506.0,109393.0,37.340965
2025-09-27 09:00:00,109518.0,109546.0,109473.0,109396.0,18.521978
2025-09-27 10:00:00,109505.0,109789.0,109612.0,109489.0,21.398535
2025-09-27 11:00:00,109630.0,109785.0,109702.0,109577.0,15.888696
2025-09-27 12:00:00,109712.0,109749.0,109687.0,109651.0,33.9407
2025-09-27 13:00:00,109687.0,109688.0,109589.0,109540.0,37.265377
2025-09-27 14:00:00,109592.0,109622.0,109459.0,109396.0,25.849632
2025-09-27 15:00:00,109435.0,109459.0,109317.0,109317.0,14.752103
2025-09-27 16:00:00,109335.0,109396.0,109352.0,109130.0,30.207783
2025-09-27 17:00:00,109323.0,109532.0,109486.0,109321.0,43.2864
2025-09-27 18:00:00,109468.0,109488.0,109363.0,109343.0,6.633731
2025-09-27 19:00:00,109364.0,109527.0,109451.0,109304.0,25.009981
2025-09-27 20:00:00,109451.0,109459.0,109368.0,109363.0,4.9538245
2025-09-27 21:00:00,109368.0,109448.0,109350.0,109317.0,11.398406
2025-09-27 22:00:00,109348.0,109474.0,109459.0,109252.0,22.630196
2025-09-27 23:00:00,109437.0,109471.0,109409.0,109364.0,13.996688
2025-09-28 00:00:00,109356.0,109450.0,109430.0,109304.0,16.568085
2025-09-28 01:00:00,109455.0,109475.0,109475.0,109390.0,11.287858
2025-09-28 02:00:00,109483.0,109486.0,109474.0,109432.0,4.7032657
2025-09-28 03:00:00,109474.0,109487.0,109441.0,109409.0,10.856936
2025-09-28 04:00:00,109441.0,109520.0,109520.0,109440.0,7.8833222
2025-09-28 05:00:00,109520.0,109751.0,109654.0,109520.0,28.100367
2025-09-28 06:00:00,109655.0,109711.0,109680.0,109514.0,20.491364
2025-09-28 07:00:00,109695.0,109830.0,109682.0,109606.0,41.935467
2025-09-28 08:00:00,109689.0,109703.0,109403.0,109396.0,26.635828
2025-09-28 09:00:00,109407.0,109591.0,109492.0,109403.0,13.582116
2025-09-28 10:00:00,109504.0,109571.0,109490.0,109458.0,6.255038
2025-09-28 11:00:00,109491.0,109535.0,109424.0,109413.0,2.1585743
2025-09-28 12:00:00,109424.0,109453.0,109399.0,109398.0,5.6508884
2025-09-28 13:00:00,109398.0,109488.0,109452.0,109317.0,21.819515
2025-09-28 14:00:00,109454.0,109567.0,109566.0,109399.0,17.761646
2025-09-28 15:00:00,109557.0,109639.0,109583.0,109476.0,24.351604
2025-09-28 16:00:00,109589.0,109593.0,109551.0,109383.0,25.636944
2025-09-28 17:00:00,109551.0,109551.0,109413.0,109411.0,20.160686
2025-09-28 18:00:00,109413.0,109493.0,109432.0,109304.0,35.77097
2025-09-28 19:00:00,109429.0,109489.0,109356.0,109239.0,19.652363
2025-09-28 20:00:00,109356.0,109698.0,109671.0,109356.0,44.942577
2025-09-28 21:00:00,109670.0,109909.0,109889.0,109539.0,33.353085
2025-09-28 22:00:00,109887.0,110054.0,110051.0,109741.0,29.878252
2025-09-28 23:00:00,110081.0,110411.0,110273.0,110031.0,57.11364
2025-09-29 00:00:00,110251.0,110398.0,110235.0,110150.0,28.015194
2025-09-29 01:00:00,110252.0,110320.0,110305.0,110095.0,24.667345
2025-09-29 02:00:00,110320.0,110398.0,110348.0,110142.0,31.791588
2025-09-29 03:00:00,110357.0,110980.0,110852.0,110334.0,60.26844
2025-09-29 04:00:00,110841.0,110917.0,110872.0,110677.0,28.75443
2025-09-29 05:00:00,110873.0,112040.0,111970.0,110873.0,110.74686
2025-09-29 06:00:00,111963.0,112375.0,112117.0,111963.0,77.958206
2025-09-29 07:00:00,112174.0,112329.0,112269.0,112017.0,42.68181
2025-09-29 08:00:00,112256.0,112334.0,111866.0,111750.0,65.31204
2025-09-29 09:00:00,111875.0,112057.0,111794.0,111677.0,34.847557
2025-09-29 10:00:00,111749.0,111932.0,111929.0,111620.0,22.238491
2025-09-29 11:00:00,111911.0,111933.0,111873.0,111784.0,12.563814
2025-09-29 12:00:00,111844.0,111849.0,111791.0,111610.0,17.367977
2025-09-29 13:00:00,111802.0,111878.0,111692.0,111669.0,21.14445
2025-09-29 14:00:00,111670.0,111892.0,111873.0,111597.0,44.883175
2025-09-29 15:00:00,111944.0,112438.0,112139.0,111870.0,60.340466
2025-09-29 16:00:00,112155.0,112228.0,112132.0,112027.0,26.891397
2025-09-29 17:00:00,112127.0,112272.0,112136.0,112067.0,58.57311
2025-09-29 18:00:00,112142.0,112159.0,112153.0,111965.0,64.29009
2025-09-29 19:00:00,112149.0,112546.0,112071.0,111986.0,110.67779
2025-09-29 20:00:00,112065.0,113528.0,113281.0,111953.0,238.90909
2025-09-29 21:00:00,113283.0,114314.0,114109.0,113283.0,273.59677
2025-09-29 22:00:00,114100.0,114200.0,113854.0,113753.0,138.91966
2025-09-29 23:00:00,113940.0,114134.0,113767.0,113669.0,61.27821
2025-09-30 00:00:00,113677.0,114235.0,114133.0,113522.0,117.88869
2025-09-30 01:00:00,114113.0,114216.0,114092.0,113943.0,47.19577
2025-09-30 02:00:00,114080.0,114462.0,114308.0,113926.0,105.35459
2025-09-30 03:00:00,114315.0,114486.0,114318.0,114200.0,113.85575
2025-09-30 04:00:00,114309.0,114401.0,114250.0,114163.0,74.11109
2025-09-30 05:00:00,114250.0,114292.0,114254.0,114078.0,61.48471
2025-09-30 06:00:00,114254.0,114427.0,114400.0,114254.0,48.367027
