timestamp,action,best_raw,score_flat,score_long,score_short,advantage
2020-03-03 11:00:00,LONG,LONG,0.0,,,
2020-03-03 12:00:00,LONG,LONG,0.0,0.004400582981821842,0.0033681509861204755,0.004400582981821842
2020-03-03 13:00:00,FLAT,LONG,0.0,0.003530251025138446,0.0027759059803041603,0.003530251025138446
2020-03-03 14:00:00,FLAT,LONG,0.0,0.0038321101789460963,0.0030409434915295553,0.0038321101789460963
2020-03-03 15:00:00,FLAT,LONG,0.0,0.0028567447096619287,0.0024605472625877116,0.0028567447096619287
2020-03-03 16:00:00,FLAT,LONG,0.0,0.002826488763155907,0.00242813517537414,0.002826488763155907
2020-03-03 17:00:00,FLAT,LONG,0.0,0.002644847803920578,0.002356048154987266,0.002644847803920578
2020-03-03 18:00:00,FLAT,SHORT,0.0,0.0029064284992216835,0.002921696819995007,0.002921696819995007
2020-03-03 19:00:00,FLAT,SHORT,0.0,0.002793087183760576,0.002864130384788287,0.002864130384788287
2020-03-03 20:00:00,FLAT,SHORT,0.0,0.002653169541478946,0.002699930106212606,0.002699930106212606
2020-03-03 21:00:00,FLAT,SHORT,0.0,0.002540026334616258,0.0027464214434818834,0.0027464214434818834
2020-03-03 22:00:00,FLAT,SHORT,0.0,0.002397133315371945,0.0025582051839823493,0.0025582051839823493
2020-03-03 23:00:00,FLAT,SHORT,0.0,0.0025038002785991715,0.0030422602200440457,0.0030422602200440457
2020-03-04 00:00:00,FLAT,SHORT,0.0,0.0030410124681726704,0.0034313149059291793,0.0034313149059291793
2020-03-04 01:00:00,FLAT,SHORT,0.0,0.00260090518974754,0.0030218341995340917,0.0030218341995340917
2020-03-04 02:00:00,FLAT,SHORT,0.0,0.002919831793060459,0.002939217525363741,0.002939217525363741
2020-03-04 03:00:00,FLAT,SHORT,0.0,0.0025428188699062656,0.0025806700002128052,0.0025806700002128052
2020-03-04 04:00:00,FLAT,SHORT,0.0,0.002933906656901263,0.003078359494760767,0.003078359494760767
2020-03-04 05:00:00,FLAT,SHORT,0.0,0.002760116723191322,0.0029759650352110967,0.0029759650352110967
2020-03-04 06:00:00,FLAT,SHORT,0.0,0.0027468026982730106,0.002942057197940664,0.002942057197940664
2020-03-04 07:00:00,FLAT,SHORT,0.0,0.0027473556329789613,0.003017056609087512,0.003017056609087512
2020-03-04 08:00:00,FLAT,SHORT,0.0,0.0025439609011435995,0.0025674423444334107,0.0025674423444334107
2020-03-04 09:00:00,FLAT,LONG,0.0,0.0024820829121346803,0.002431775209811146,0.0024820829121346803
2020-03-04 10:00:00,FLAT,SHORT,0.0,0.0028336086398537967,0.0029017432414676398,0.0029017432414676398
2020-03-04 11:00:00,FLAT,SHORT,0.0,0.0028968266421761668,0.003185805821207419,0.003185805821207419
2020-03-04 12:00:00,FLAT,SHORT,0.0,0.002875178559989564,0.0033264483654603435,0.0033264483654603435
2020-03-04 13:00:00,FLAT,SHORT,0.0,0.0030466602719581063,0.003810650108497551,0.003810650108497551
2020-03-04 14:00:00,FLAT,SHORT,0.0,0.002753968764274323,0.0030099464523574257,0.0030099464523574257
2020-03-04 15:00:00,FLAT,SHORT,0.0,0.0027677773896060244,0.0031035509222542886,0.0031035509222542886
2020-03-04 16:00:00,FLAT,LONG,0.0,0.003807682580204387,0.0033038247802987726,0.003807682580204387
2020-03-04 17:00:00,FLAT,LONG,0.0,0.0035324644495253296,0.0031642887109527957,0.0035324644495253296
2020-03-04 18:00:00,FLAT,LONG,0.0,0.004510557024698557,0.0036316529045348975,0.004510557024698557
2020-03-04 19:00:00,FLAT,LONG,0.0,0.004365007808706516,0.0035531883775669357,0.004365007808706516
2020-03-04 20:00:00,FLAT,LONG,0.0,0.004816846367672872,0.0038242583470676755,0.004816846367672872
2020-03-04 21:00:00,FLAT,LONG,0.0,0.0037440175995881657,0.0031326719653989575,0.0037440175995881657
2020-03-04 22:00:00,FLAT,LONG,0.0,0.003408479298271386,0.00288629300718912,0.003408479298271386
2020-03-04 23:00:00,FLAT,LONG,0.0,0.0031348167339752308,0.002800172716448862,0.0031348167339752308
2020-03-05 00:00:00,FLAT,LONG,0.0,0.002932835785276892,0.002920799884073589,0.002932835785276892
2020-03-05 01:00:00,FLAT,LONG,0.0,0.00300287455319888,0.002810600401409954,0.00300287455319888
2020-03-05 02:00:00,FLAT,LONG,0.0,0.0030202941973726514,0.002969685941260212,0.0030202941973726514
2020-03-05 03:00:00,FLAT,SHORT,0.0,0.003068247363854988,0.0032008717663718073,0.0032008717663718073
2020-03-05 04:00:00,FLAT,SHORT,0.0,0.0030037303256509862,0.003253958370785445,0.003253958370785445
2020-03-05 05:00:00,FLAT,SHORT,0.0,0.002979588855593667,0.003291310251156113,0.003291310251156113
2020-03-05 06:00:00,FLAT,SHORT,0.0,0.003169985046969216,0.0037249581939320397,0.0037249581939320397
2020-03-05 07:00:00,FLAT,SHORT,0.0,0.0031741576247524667,0.003844832600890665,0.003844832600890665
2020-03-05 08:00:00,FLAT,SHORT,0.0,0.003211925526824382,0.0036312509733904146,0.0036312509733904146
2020-03-05 09:00:00,FLAT,SHORT,0.0,0.0030488405077461,0.0036072757348718718,0.0036072757348718718
2020-03-05 10:00:00,FLAT,SHORT,0.0,0.0029914120312778303,0.003587580356057592,0.003587580356057592
2020-03-05 11:00:00,FLAT,SHORT,0.0,0.0027910634828893213,0.0028776889934528714,0.0028776889934528714
2020-03-05 12:00:00,FLAT,LONG,0.0,0.003463361024971042,0.003384821803633007,0.003463361024971042
2020-03-05 13:00:00,FLAT,LONG,0.0,0.0038656426847378644,0.0034833735681413873,0.0038656426847378644
2020-03-05 14:00:00,FLAT,LONG,0.0,0.0038718860133510817,0.003591858023340226,0.0038718860133510817
2020-03-05 15:00:00,FLAT,LONG,0.0,0.003541348884266593,0.003359396788719457,0.003541348884266593
2020-03-05 16:00:00,FLAT,LONG,0.0,0.004121160178727367,0.0035970729855750957,0.004121160178727367
2020-03-05 17:00:00,FLAT,LONG,0.0,0.004955602220382295,0.004223195659679433,0.004955602220382295
2020-03-05 18:00:00,FLAT,LONG,0.0,0.005024838986531375,0.004244943551322261,0.005024838986531375
2020-03-05 19:00:00,FLAT,LONG,0.0,0.00452669460732463,0.0038426483841300773,0.00452669460732463
2020-03-05 20:00:00,FLAT,LONG,0.0,0.004515339883223945,0.003857602766628466,0.004515339883223945
2020-03-05 21:00:00,FLAT,LONG,0.0,0.004636943366559771,0.004418563301527229,0.004636943366559771
2020-03-05 22:00:00,FLAT,LONG,0.0,0.005465416995807725,0.004711174058760462,0.005465416995807725
2020-03-05 23:00:00,FLAT,LONG,0.0,0.005426618138314854,0.004668959310551757,0.005426618138314854
2020-03-06 00:00:00,FLAT,LONG,0.0,0.00530750809784554,0.004465885448060704,0.00530750809784554
2020-03-06 01:00:00,FLAT,LONG,0.0,0.005307405982221342,0.004392351770476775,0.005307405982221342
2020-03-06 02:00:00,FLAT,LONG,0.0,0.004370231366076308,0.0037289897713631693,0.004370231366076308
2020-03-06 03:00:00,FLAT,LONG,0.0,0.004204992559462858,0.003722032608075972,0.004204992559462858
2020-03-06 04:00:00,FLAT,LONG,0.0,0.003973756144813013,0.0035390873390777084,0.003973756144813013
2020-03-06 05:00:00,FLAT,LONG,0.0,0.004762790950075587,0.003964424128147969,0.004762790950075587
2020-03-06 06:00:00,FLAT,LONG,0.0,0.00472226400379617,0.003966364286280272,0.00472226400379617
2020-03-06 07:00:00,FLAT,LONG,0.0,0.0046292722610122815,0.0039453814157256245,0.0046292722610122815
2020-03-06 08:00:00,FLAT,LONG,0.0,0.004448669975152178,0.0037485193681065683,0.004448669975152178
2020-03-06 09:00:00,LONG,LONG,0.0,0.005161857085317149,0.004107475642977039,0.005161857085317149
2020-03-06 10:00:00,FLAT,LONG,0.0,0.00462526313401807,0.003700679215753688,0.00462526313401807
2020-03-06 11:00:00,FLAT,LONG,0.0,0.002809491939508464,0.002691078163987342,0.002809491939508464
2020-03-06 12:00:00,FLAT,LONG,0.0,0.0031081315405228345,0.0030952587377925263,0.0031081315405228345
2020-03-06 13:00:00,FLAT,SHORT,0.0,0.0029220391303759015,0.003110486315434605,0.003110486315434605
2020-03-06 14:00:00,FLAT,LONG,0.0,0.002771918039526005,0.0027659770006350755,0.002771918039526005
2020-03-06 15:00:00,FLAT,LONG,0.0,0.002787119200471796,0.002775836538145892,0.002787119200471796
2020-03-06 16:00:00,FLAT,LONG,0.0,0.002911879156325077,0.0026661036113187916,0.002911879156325077
2020-03-06 17:00:00,FLAT,SHORT,0.0,0.002804956981366966,0.0028363651199893466,0.0028363651199893466
2020-03-06 18:00:00,FLAT,LONG,0.0,0.0027798919035676834,0.002743378717691007,0.0027798919035676834
2020-03-06 19:00:00,FLAT,SHORT,0.0,0.002703541413876153,0.002727553026048603,0.002727553026048603
2020-03-06 20:00:00,FLAT,SHORT,0.0,0.002639054255753661,0.0028134346491685406,0.0028134346491685406
2020-03-06 21:00:00,FLAT,SHORT,0.0,0.0026942918432877145,0.003062537021793863,0.003062537021793863
2020-03-06 22:00:00,FLAT,SHORT,0.0,0.002694713529243091,0.0028114084674054456,0.0028114084674054456
2020-03-06 23:00:00,FLAT,SHORT,0.0,0.0027605236884969842,0.0028428783298973877,0.0028428783298973877
2020-03-07 00:00:00,FLAT,LONG,0.0,0.0029454219299743967,0.002753506008616895,0.0029454219299743967
2020-03-07 01:00:00,FLAT,LONG,0.0,0.002988794880084791,0.002781990374175001,0.002988794880084791
2020-03-07 02:00:00,FLAT,LONG,0.0,0.0036362559324970094,0.002998486938643179,0.0036362559324970094
2020-03-07 03:00:00,FLAT,LONG,0.0,0.003279161939457257,0.002829458344201332,0.003279161939457257
2020-03-07 04:00:00,FLAT,LONG,0.0,0.002886988882563081,0.002715113785959497,0.002886988882563081
2020-03-07 05:00:00,FLAT,LONG,0.0,0.0029988332735396304,0.002707832963780276,0.0029988332735396304
2020-03-07 06:00:00,FLAT,LONG,0.0,0.0029784603049105448,0.002692126903665721,0.0029784603049105448
2020-03-07 07:00:00,FLAT,SHORT,0.0,0.002678391438217618,0.0027810992612013192,0.0027810992612013192
2020-03-07 08:00:00,FLAT,LONG,0.0,0.0027476180889623608,0.002697716749658719,0.0027476180889623608
2020-03-07 09:00:00,FLAT,LONG,0.0,0.0027325999077122583,0.0027117032024469817,0.0027325999077122583
2020-03-07 10:00:00,FLAT,SHORT,0.0,0.0027392116297389286,0.0028120808118613713,0.0028120808118613713
2020-03-07 11:00:00,FLAT,SHORT,0.0,0.002717776472538647,0.0027434860634234473,0.0027434860634234473
2020-03-07 12:00:00,FLAT,SHORT,0.0,0.002696084100617162,0.002977150336356918,0.002977150336356918
2020-03-07 13:00:00,FLAT,SHORT,0.0,0.002781266083531246,0.0028850503821794553,0.0028850503821794553
2020-03-07 14:00:00,FLAT,SHORT,0.0,0.0026816719947648985,0.0027593957942096945,0.0027593957942096945
2020-03-07 15:00:00,FLAT,LONG,0.0,0.0030136931932271175,0.002722963832966459,0.0030136931932271175
2020-03-07 16:00:00,FLAT,LONG,0.0,0.0028761352999609737,0.00270354252512575,0.0028761352999609737
2020-03-07 17:00:00,FLAT,LONG,0.0,0.0039560226103299715,0.0031884552208686014,0.0039560226103299715
2020-03-07 18:00:00,FLAT,LONG,0.0,0.0031714942200999313,0.002761316494231709,0.0031714942200999313
2020-03-07 19:00:00,FLAT,LONG,0.0,0.0025891000039731872,0.002419340360732638,0.0025891000039731872
2020-03-07 20:00:00,FLAT,LONG,0.0,0.0028574235269357034,0.002536085589103631,0.0028574235269357034
2020-03-07 21:00:00,FLAT,LONG,0.0,0.002635079384019173,0.0024492742512862075,0.002635079384019173
2020-03-07 22:00:00,FLAT,LONG,0.0,0.0024950626696049055,0.002489235660762074,0.0024950626696049055
2020-03-07 23:00:00,FLAT,SHORT,0.0,0.0024644903240308704,0.002555767049489772,0.002555767049489772
2020-03-08 00:00:00,FLAT,LONG,0.0,0.0025093630542733733,0.002503599267022052,0.0025093630542733733
2020-03-08 01:00:00,FLAT,SHORT,0.0,0.00283857417608596,0.0034228830864773407,0.0034228830864773407
2020-03-08 02:00:00,FLAT,SHORT,0.0,0.0024860688568612956,0.002751794279887138,0.002751794279887138
2020-03-08 03:00:00,FLAT,LONG,0.0,0.0028768571144272928,0.002545881456558925,0.0028768571144272928
2020-03-08 04:00:00,FLAT,SHORT,0.0,0.003101645586206872,0.00336142876240268,0.00336142876240268
2020-03-08 05:00:00,FLAT,SHORT,0.0,0.003781120180323309,0.004040102576748682,0.004040102576748682
2020-03-08 06:00:00,FLAT,SHORT,0.0,0.0037441836858780287,0.0039176736120134096,0.0039176736120134096
2020-03-08 07:00:00,FLAT,SHORT,0.0,0.003944638700829317,0.00444299905128494,0.00444299905128494
2020-03-08 08:00:00,FLAT,SHORT,0.0,0.003914850657937343,0.004501619518484809,0.004501619518484809
2020-03-08 09:00:00,FLAT,SHORT,0.0,0.0038422600858056617,0.0044867711778831575,0.0044867711778831575
2020-03-08 10:00:00,FLAT,SHORT,0.0,0.0038904460615041807,0.004846099166095888,0.004846099166095888
2020-03-08 11:00:00,FLAT,SHORT,0.0,0.004026245377374196,0.0050171786810534235,0.0050171786810534235
2020-03-08 12:00:00,FLAT,SHORT,0.0,0.004474859218015543,0.005083169604044773,0.005083169604044773
2020-03-08 13:00:00,FLAT,SHORT,0.0,0.004253993612158664,0.0050085572763227315,0.0050085572763227315
2020-03-08 14:00:00,FLAT,SHORT,0.0,0.004319538956038557,0.005023816381416675,0.005023816381416675
2020-03-08 15:00:00,FLAT,SHORT,0.0,0.00414594833666982,0.005001696748303689,0.005001696748303689
2020-03-08 16:00:00,SHORT,SHORT,0.0,0.004397945324988306,0.0054795384101553705,0.0054795384101553705
2020-03-08 17:00:00,SHORT,SHORT,0.0,0.004503650520061538,0.005861148022760606,0.005861148022760606
2020-03-08 18:00:00,SHORT,SHORT,0.0,0.004067672766919625,0.005358682057583571,0.005358682057583571
2020-03-08 19:00:00,FLAT,SHORT,0.0,0.003683326701624667,0.004680266298704492,0.004680266298704492
2020-03-08 20:00:00,FLAT,SHORT,0.0,0.0034384211076872967,0.004224849297280437,0.004224849297280437
2020-03-08 21:00:00,FLAT,SHORT,0.0,0.0031859239127284074,0.003945432445056506,0.003945432445056506
2020-03-08 22:00:00,FLAT,SHORT,0.0,0.003260710504477165,0.004033177371040732,0.004033177371040732
2020-03-08 23:00:00,FLAT,SHORT,0.0,0.003731874955065928,0.004446716549184057,0.004446716549184057
2020-03-09 00:00:00,SHORT,SHORT,0.0,0.004187656338474555,0.005300991259025852,0.005300991259025852
2020-03-09 01:00:00,FLAT,SHORT,0.0,0.004356150300395128,0.00523222468319325,0.00523222468319325
2020-03-09 02:00:00,FLAT,LONG,0.0,0.005289865023822855,0.005202680382510974,0.005289865023822855
2020-03-09 03:00:00,FLAT,LONG,0.0,0.005409368126574049,0.004976350213718339,0.005409368126574049
2020-03-09 04:00:00,FLAT,LONG,0.0,0.004844765220298804,0.004660263294070768,0.004844765220298804
2020-03-09 05:00:00,FLAT,LONG,0.0,0.0047823655053033055,0.004669634312273968,0.0047823655053033055
2020-03-09 06:00:00,FLAT,SHORT,0.0,0.004557363133613559,0.004625819409494677,0.004625819409494677
2020-03-09 07:00:00,FLAT,SHORT,0.0,0.004570442093047247,0.0047599147958763185,0.0047599147958763185
2020-03-09 08:00:00,FLAT,SHORT,0.0,0.004736494093452003,0.0051143587645111985,0.0051143587645111985
2020-03-09 09:00:00,FLAT,SHORT,0.0,0.004988079438095584,0.005082420115959551,0.005082420115959551
2020-03-09 10:00:00,FLAT,LONG,0.0,0.005781136290839957,0.005298105507379606,0.005781136290839957
2020-03-09 11:00:00,FLAT,SHORT,0.0,0.004809045299706277,0.004929597851345581,0.004929597851345581
2020-03-09 12:00:00,FLAT,SHORT,0.0,0.004607313101860029,0.005084618392744964,0.005084618392744964
2020-03-09 13:00:00,FLAT,SHORT,0.0,0.0045889373677557915,0.004951425504221702,0.004951425504221702
2020-03-09 14:00:00,FLAT,SHORT,0.0,0.004276524446999343,0.004996570699591064,0.004996570699591064
2020-03-09 15:00:00,FLAT,LONG,0.0,0.00567853965112656,0.005251387162635586,0.00567853965112656
2020-03-09 16:00:00,FLAT,LONG,0.0,0.004239023080050641,0.004235329924525017,0.004239023080050641
2020-03-09 17:00:00,FLAT,LONG,0.0,0.00402015551209397,0.003764779684739932,0.00402015551209397
2020-03-09 18:00:00,FLAT,SHORT,0.0,0.0038726575020622414,0.0040148911888246725,0.0040148911888246725
2020-03-09 19:00:00,FLAT,SHORT,0.0,0.0035406501718294745,0.004011562123700786,0.004011562123700786
2020-03-09 20:00:00,FLAT,SHORT,0.0,0.0037815577104604054,0.0038894489232076473,0.0038894489232076473
2020-03-09 21:00:00,FLAT,SHORT,0.0,0.003490760774630514,0.0037808892030533666,0.0037808892030533666
2020-03-09 22:00:00,FLAT,LONG,0.0,0.004316608889826694,0.004088226875115003,0.004316608889826694
2020-03-09 23:00:00,FLAT,SHORT,0.0,0.003603897540693922,0.003945973189477254,0.003945973189477254
2020-03-10 00:00:00,FLAT,LONG,0.0,0.003333122259332557,0.0031283591967144475,0.003333122259332557
2020-03-10 01:00:00,FLAT,LONG,0.0,0.004039964331901691,0.003627983435385964,0.004039964331901691
2020-03-10 02:00:00,FLAT,LONG,0.0,0.0035697215451264246,0.003453384959587976,0.0035697215451264246
2020-03-10 03:00:00,FLAT,SHORT,0.0,0.003242279069714418,0.003346220335336452,0.003346220335336452
2020-03-10 04:00:00,FLAT,SHORT,0.0,0.003457738774680986,0.0034581198608981054,0.0034581198608981054
2020-03-10 05:00:00,FLAT,LONG,0.0,0.0032048729954817327,0.003019490538483339,0.0032048729954817327
2020-03-10 06:00:00,FLAT,SHORT,0.0,0.0031787119591790074,0.0035948991758827267,0.0035948991758827267
2020-03-10 07:00:00,FLAT,SHORT,0.0,0.002820478456567715,0.0030389334389180206,0.0030389334389180206
2020-03-10 08:00:00,FLAT,SHORT,0.0,0.002895309865128694,0.0031143217957018856,0.0031143217957018856
2020-03-10 09:00:00,FLAT,SHORT,0.0,0.002995941441004959,0.003730017673059027,0.003730017673059027
2020-03-10 10:00:00,FLAT,SHORT,0.0,0.002888988401870238,0.0035030843840122886,0.0035030843840122886
2020-03-10 11:00:00,FLAT,SHORT,0.0,0.0029422497364210796,0.0034453869153211842,0.0034453869153211842
2020-03-10 12:00:00,FLAT,LONG,0.0,0.0033561932982450653,0.003259453641120573,0.0033561932982450653
2020-03-10 13:00:00,FLAT,SHORT,0.0,0.0029460755433196257,0.0032208386676334257,0.0032208386676334257
2020-03-10 14:00:00,FLAT,SHORT,0.0,0.0029787177721270716,0.00314452783102755,0.00314452783102755
2020-03-10 15:00:00,FLAT,LONG,0.0,0.004141158943165997,0.0035940041145804576,0.004141158943165997
2020-03-10 16:00:00,FLAT,LONG,0.0,0.004302308566891043,0.0036685847630289026,0.004302308566891043
2020-03-10 17:00:00,FLAT,LONG,0.0,0.003866202521101213,0.0033654280417147837,0.003866202521101213
2020-03-10 18:00:00,LONG,LONG,0.0,0.004907474305163312,0.0038966133115070443,0.004907474305163312
2020-03-10 19:00:00,FLAT,LONG,0.0,0.004739166076842605,0.00378026252419309,0.004739166076842605
2020-03-10 20:00:00,FLAT,LONG,0.0,0.0033915148057312764,0.0030159515641058907,0.0033915148057312764
2020-03-10 21:00:00,FLAT,LONG,0.0,0.004223302459363935,0.004076180337126993,0.004223302459363935
2020-03-10 22:00:00,FLAT,LONG,0.0,0.004202287387871338,0.0037900170463983415,0.004202287387871338
2020-03-10 23:00:00,FLAT,LONG,0.0,0.004035420070796393,0.003938743668295614,0.004035420070796393
2020-03-11 00:00:00,FLAT,LONG,0.0,0.0037172705579703873,0.003667469463210356,0.0037172705579703873
2020-03-11 01:00:00,FLAT,LONG,0.0,0.0034274959094470307,0.0033098154644543186,0.0034274959094470307
2020-03-11 02:00:00,LONG,LONG,0.0,0.006664838745617768,0.005462017089144496,0.006664838745617768
2020-03-11 03:00:00,FLAT,LONG,0.0,0.00398605570747501,0.0034308804998243177,0.00398605570747501
2020-03-11 04:00:00,FLAT,LONG,0.0,0.0034249346216083834,0.0030432442145152806,0.0034249346216083834
2020-03-11 05:00:00,FLAT,LONG,0.0,0.003304641817192891,0.002977350636867909,0.003304641817192891
2020-03-11 06:00:00,FLAT,SHORT,0.0,0.0032754789195497008,0.0033379072120197587,0.0033379072120197587
2020-03-11 07:00:00,FLAT,SHORT,0.0,0.002986892062057944,0.003029695837034459,0.003029695837034459
2020-03-11 08:00:00,FLAT,LONG,0.0,0.003049395694152892,0.0030244373746950454,0.003049395694152892
2020-03-11 09:00:00,FLAT,LONG,0.0,0.0032563851437145963,0.0030520773414309077,0.0032563851437145963
2020-03-11 10:00:00,FLAT,LONG,0.0,0.003676396968438214,0.0031446754384777034,0.003676396968438214
2020-03-11 11:00:00,FLAT,SHORT,0.0,0.0031125487423824044,0.0032462412066313943,0.0032462412066313943
2020-03-11 12:00:00,FLAT,SHORT,0.0,0.0030762746095379556,0.0032104436973536643,0.0032104436973536643
2020-03-11 13:00:00,FLAT,SHORT,0.0,0.003286807739549199,0.0036667637940544498,0.0036667637940544498
2020-03-11 14:00:00,FLAT,SHORT,0.0,0.003039018910290829,0.003457166904738108,0.003457166904738108
2020-03-11 15:00:00,FLAT,SHORT,0.0,0.0030785843853140663,0.0033565333131477387,0.0033565333131477387
2020-03-11 16:00:00,FLAT,LONG,0.0,0.004311415266831457,0.003414626018264611,0.004311415266831457
2020-03-11 17:00:00,FLAT,LONG,0.0,0.0035096705378361653,0.003012435233946279,0.0035096705378361653
2020-03-11 18:00:00,FLAT,LONG,0.0,0.0033913723612447317,0.003112893917066704,0.0033913723612447317
2020-03-11 19:00:00,FLAT,LONG,0.0,0.0034733684712258766,0.0031176180698668267,0.0034733684712258766
2020-03-11 20:00:00,FLAT,SHORT,0.0,0.003396042883817335,0.0035990369027567378,0.0035990369027567378
2020-03-11 21:00:00,FLAT,SHORT,0.0,0.0035787347475197216,0.004107105584143766,0.004107105584143766
2020-03-11 22:00:00,FLAT,SHORT,0.0,0.0036255715712626424,0.004287044271157787,0.004287044271157787
2020-03-11 23:00:00,FLAT,SHORT,0.0,0.0032641870261829707,0.003795347948692502,0.003795347948692502
2020-03-12 00:00:00,FLAT,SHORT,0.0,0.0031848308112521232,0.003299088216546819,0.003299088216546819
2020-03-12 01:00:00,FLAT,SHORT,0.0,0.003740869101111376,0.004319604631513644,0.004319604631513644
2020-03-12 02:00:00,FLAT,SHORT,0.0,0.0037588365127460086,0.004314143479267636,0.004314143479267636
2020-03-12 03:00:00,FLAT,SHORT,0.0,0.0037376455576839628,0.004163054198380783,0.004163054198380783
2020-03-12 04:00:00,FLAT,SHORT,0.0,0.004760335275991276,0.005197827245621877,0.005197827245621877
2020-03-12 05:00:00,FLAT,SHORT,0.0,0.003890050601870685,0.004379972880466753,0.004379972880466753
2020-03-12 06:00:00,FLAT,SHORT,0.0,0.0033718647627546316,0.003522480516936147,0.003522480516936147
2020-03-12 07:00:00,FLAT,SHORT,0.0,0.0033743231404822797,0.003492134545367623,0.003492134545367623
2020-03-12 08:00:00,FLAT,SHORT,0.0,0.0035730838908664643,0.0037557623142110315,0.0037557623142110315
2020-03-12 09:00:00,FLAT,SHORT,0.0,0.003783631468713408,0.004295872381640427,0.004295872381640427
2020-03-12 10:00:00,FLAT,SHORT,0.0,0.0036391644087892454,0.003843912770956075,0.003843912770956075
2020-03-12 11:00:00,FLAT,SHORT,0.0,0.0035764903895905667,0.003724517862053686,0.003724517862053686
2020-03-12 12:00:00,FLAT,LONG,0.0,0.005342315762249436,0.004752025198390879,0.005342315762249436
2020-03-12 13:00:00,FLAT,LONG,0.0,0.004255918856237625,0.003697595154226765,0.004255918856237625
2020-03-12 14:00:00,FLAT,LONG,0.0,0.003979535079422279,0.003594228930390109,0.003979535079422279
2020-03-12 15:00:00,FLAT,LONG,0.0,0.0042972874172370265,0.0036473467307877815,0.0042972874172370265
2020-03-12 16:00:00,FLAT,LONG,0.0,0.004087550576135196,0.0036279351413112323,0.004087550576135196
2020-03-12 17:00:00,LONG,LONG,0.0,0.005595818827125384,0.004370708041514631,0.005595818827125384
2020-03-12 18:00:00,LONG,LONG,0.0,0.0064141162023926045,0.0046542748576143085,0.0064141162023926045
2020-03-12 19:00:00,LONG,LONG,0.0,0.005693747637165821,0.004524158231045059,0.005693747637165821
2020-03-12 20:00:00,FLAT,LONG,0.0,0.005434690002048263,0.004494025205916583,0.005434690002048263
2020-03-12 21:00:00,LONG,LONG,0.0,0.022422379601498753,0.014146216142056602,0.022422379601498753
2020-03-12 22:00:00,LONG,LONG,0.0,0.02481722908494242,0.015557925758981302,0.02481722908494242
2020-03-12 23:00:00,LONG,LONG,0.0,0.024394592734783747,0.015864275834456334,0.024394592734783747
2020-03-13 00:00:00,LONG,LONG,0.0,0.023651392492619015,0.015194910090368816,0.023651392492619015
2020-03-13 01:00:00,LONG,LONG,0.0,0.01875904102827345,0.012635323366849536,0.01875904102827345
2020-03-13 02:00:00,LONG,LONG,0.0,0.015193396324448025,0.010418201174137378,0.015193396324448025
2020-03-13 03:00:00,LONG,LONG,0.0,0.013195540700979695,0.008868542544515936,0.013195540700979695
2020-03-13 04:00:00,LONG,LONG,0.0,0.010451042394491072,0.007497334225138266,0.010451042394491072
2020-03-13 05:00:00,LONG,LONG,0.0,0.010715203336105424,0.007395461758949787,0.010715203336105424
2020-03-13 06:00:00,LONG,LONG,0.0,0.007886436902353253,0.006225819088887181,0.007886436902353253
2020-03-13 07:00:00,LONG,LONG,0.0,0.014509497431351461,0.009729278894800205,0.014509497431351461
2020-03-13 08:00:00,LONG,LONG,0.0,0.009545120063485412,0.007217746246769084,0.009545120063485412
2020-03-13 09:00:00,FLAT,LONG,0.0,0.0062364687810420715,0.005350446001763311,0.0062364687810420715
2020-03-13 10:00:00,LONG,LONG,0.0,0.025261255879408112,0.015746862832712347,0.025261255879408112
2020-03-13 11:00:00,LONG,LONG,0.0,0.025701183613433314,0.015986984770340995,0.025701183613433314
2020-03-13 12:00:00,LONG,LONG,0.0,0.02559672052412454,0.015936675042148633,0.02559672052412454
2020-03-13 13:00:00,LONG,LONG,0.0,0.01752066024988373,0.012588651340792373,0.01752066024988373
2020-03-13 14:00:00,LONG,LONG,0.0,0.009761445219734556,0.00793159669479161,0.009761445219734556
2020-03-13 15:00:00,LONG,LONG,0.0,0.014486051568583208,0.009471966980276424,0.014486051568583208
2020-03-13 16:00:00,LONG,LONG,0.0,0.010937208202925566,0.007253511800988188,0.010937208202925566
2020-03-13 17:00:00,FLAT,SHORT,0.0,0.007486997319918154,0.007684632970428923,0.007684632970428923
2020-03-13 18:00:00,SHORT,SHORT,0.0,0.006130605861821233,0.00866659833707935,0.00866659833707935
2020-03-13 19:00:00,SHORT,SHORT,0.0,0.004447703677705285,0.005934436470673994,0.005934436470673994
2020-03-13 20:00:00,SHORT,SHORT,0.0,0.008358978552640142,0.015414142144464422,0.015414142144464422
2020-03-13 21:00:00,SHORT,SHORT,0.0,0.007879278496827818,0.01238465538444487,0.01238465538444487
2020-03-13 22:00:00,SHORT,SHORT,0.0,0.007537573745356982,0.010008725026060736,0.010008725026060736
2020-03-13 23:00:00,SHORT,SHORT,0.0,0.006389233538404133,0.011507875957682556,0.011507875957682556
2020-03-14 00:00:00,SHORT,SHORT,0.0,0.005529117961163978,0.009177597216339583,0.009177597216339583
2020-03-14 01:00:00,FLAT,SHORT,0.0,0.007380254171971378,0.007802927080766485,0.007802927080766485
2020-03-14 02:00:00,LONG,LONG,0.0,0.008312628793253469,0.006075499794070035,0.008312628793253469
2020-03-14 03:00:00,LONG,LONG,0.0,0.00619613582415862,0.0043723436358621874,0.00619613582415862
2020-03-14 04:00:00,LONG,LONG,0.0,0.0055760563619598365,0.00408356797623032,0.0055760563619598365
2020-03-14 05:00:00,LONG,LONG,0.0,0.012518270073039434,0.008148189756049739,0.012518270073039434
2020-03-14 06:00:00,FLAT,LONG,0.0,0.00786852070557349,0.0073933094564503105,0.00786852070557349
2020-03-14 07:00:00,FLAT,LONG,0.0,0.0033919022164654346,0.0031718367661116883,0.0033919022164654346
2020-03-14 08:00:00,SHORT,SHORT,0.0,0.003776408544430735,0.004989656869734733,0.004989656869734733
2020-03-14 09:00:00,SHORT,SHORT,0.0,0.0038483778108538112,0.00573639971235991,0.00573639971235991
2020-03-14 10:00:00,SHORT,SHORT,0.0,0.0044936756370854095,0.00638059379185384,0.00638059379185384
2020-03-14 11:00:00,FLAT,SHORT,0.0,0.004809228006638539,0.0053963703991435396,0.0053963703991435396
2020-03-14 12:00:00,FLAT,SHORT,0.0,0.003078464949417223,0.0037326576674657362,0.0037326576674657362
2020-03-14 13:00:00,SHORT,SHORT,0.0,0.003619147070622589,0.005354394221356036,0.005354394221356036
2020-03-14 14:00:00,SHORT,SHORT,0.0,0.003662196865565808,0.005194146052146615,0.005194146052146615
2020-03-14 15:00:00,FLAT,SHORT,0.0,0.0034666741169920253,0.004173288164419856,0.004173288164419856
2020-03-14 16:00:00,FLAT,LONG,0.0,0.004394304265055007,0.0039485195177568905,0.004394304265055007
2020-03-14 17:00:00,FLAT,LONG,0.0,0.0038495230489414495,0.003256752842356289,0.0038495230489414495
2020-03-14 18:00:00,FLAT,LONG,0.0,0.003946807671973306,0.0037893971006450395,0.003946807671973306
2020-03-14 19:00:00,LONG,LONG,0.0,0.00760111379166101,0.005365434605059319,0.00760111379166101
2020-03-14 20:00:00,LONG,LONG,0.0,0.007530083995705685,0.005182951863105383,0.007530083995705685
2020-03-14 21:00:00,FLAT,LONG,0.0,0.006233017677316729,0.0057831286739928045,0.006233017677316729
2020-03-14 22:00:00,FLAT,SHORT,0.0,0.0034326931255654254,0.00355475108040003,0.00355475108040003
2020-03-14 23:00:00,FLAT,SHORT,0.0,0.0033374950595905484,0.003460553632791304,0.003460553632791304
2020-03-15 00:00:00,LONG,LONG,0.0,0.005669220872553803,0.004620397536529956,0.005669220872553803
2020-03-15 01:00:00,FLAT,LONG,0.0,0.004131937738600658,0.0036906517104230256,0.004131937738600658
2020-03-15 02:00:00,FLAT,LONG,0.0,0.004693595182207555,0.0038315230977164793,0.004693595182207555
2020-03-15 03:00:00,FLAT,SHORT,0.0,0.0036310320569596837,0.0038456009282074616,0.0038456009282074616
2020-03-15 04:00:00,FLAT,SHORT,0.0,0.003118511309454237,0.0033599698339310344,0.0033599698339310344
2020-03-15 05:00:00,FLAT,SHORT,0.0,0.003265812594463819,0.004063547159961392,0.004063547159961392
2020-03-15 06:00:00,FLAT,SHORT,0.0,0.0032704571962894734,0.0033771765549439163,0.0033771765549439163
2020-03-15 07:00:00,FLAT,LONG,0.0,0.004314204162932348,0.00377052235547057,0.004314204162932348
2020-03-15 08:00:00,FLAT,LONG,0.0,0.0037002506511106615,0.0032835044131815437,0.0037002506511106615
2020-03-15 09:00:00,FLAT,LONG,0.0,0.00393239089624728,0.0032417077070402535,0.00393239089624728
2020-03-15 10:00:00,LONG,LONG,0.0,0.0070706095574732146,0.004919885628736697,0.0070706095574732146
2020-03-15 11:00:00,FLAT,LONG,0.0,0.004590063820087421,0.003761621342524076,0.004590063820087421
2020-03-15 12:00:00,FLAT,LONG,0.0,0.00494579241544998,0.003948353040843141,0.00494579241544998
2020-03-15 13:00:00,FLAT,LONG,0.0,0.004176248140883195,0.003779063114799205,0.004176248140883195
2020-03-15 14:00:00,FLAT,LONG,0.0,0.004255244141672986,0.0034173942369950475,0.004255244141672986
2020-03-15 15:00:00,FLAT,SHORT,0.0,0.003801808469023918,0.003866848930673607,0.003866848930673607
2020-03-15 16:00:00,FLAT,LONG,0.0,0.003253456724765704,0.003109980200878187,0.003253456724765704
2020-03-15 17:00:00,FLAT,SHORT,0.0,0.003153943448112488,0.0036492699197892583,0.0036492699197892583
2020-03-15 18:00:00,FLAT,SHORT,0.0,0.0032385093947933843,0.0036411499754307464,0.0036411499754307464
2020-03-15 19:00:00,FLAT,SHORT,0.0,0.003565798906496506,0.004151800493571876,0.004151800493571876
2020-03-15 20:00:00,FLAT,SHORT,0.0,0.003284022708256816,0.0039901620752234475,0.0039901620752234475
2020-03-15 21:00:00,SHORT,SHORT,0.0,0.004667571463240317,0.006532408962451395,0.006532408962451395
2020-03-15 22:00:00,SHORT,SHORT,0.0,0.0035533788436539378,0.004802800600668688,0.004802800600668688
2020-03-15 23:00:00,FLAT,SHORT,0.0,0.005019769167159976,0.005194985814181409,0.005194985814181409
2020-03-16 00:00:00,FLAT,LONG,0.0,0.003353872267732202,0.003344479536658212,0.003353872267732202
2020-03-16 01:00:00,FLAT,LONG,0.0,0.003514009060625742,0.003357043736407735,0.003514009060625742
2020-03-16 02:00:00,FLAT,LONG,0.0,0.003709647529593962,0.0033345870730889854,0.003709647529593962
2020-03-16 03:00:00,FLAT,LONG,0.0,0.003770672509752563,0.003304502998337589,0.003770672509752563
2020-03-16 04:00:00,FLAT,LONG,0.0,0.00396726478326095,0.0033444880077596606,0.00396726478326095
2020-03-16 05:00:00,FLAT,LONG,0.0,0.0034613059201001155,0.003182400008475592,0.0034613059201001155
2020-03-16 06:00:00,FLAT,LONG,0.0,0.0034111006348822755,0.0032500078757976723,0.0034111006348822755
2020-03-16 07:00:00,FLAT,LONG,0.0,0.004346411133543111,0.003694904181636713,0.004346411133543111
2020-03-16 08:00:00,SHORT,SHORT,0.0,0.006304277968077475,0.010233648905927949,0.010233648905927949
2020-03-16 09:00:00,FLAT,LONG,0.0,0.008414165531711136,0.007710467696358637,0.008414165531711136
2020-03-16 10:00:00,FLAT,LONG,0.0,0.0035373980749999786,0.003208327447862382,0.0035373980749999786
2020-03-16 11:00:00,FLAT,LONG,0.0,0.0052119695239093815,0.004258684783565224,0.0052119695239093815
2020-03-16 12:00:00,FLAT,LONG,0.0,0.0037280224614455906,0.003530673986092526,0.0037280224614455906
2020-03-16 13:00:00,FLAT,LONG,0.0,0.0035290055501204735,0.0033077819545970413,0.0035290055501204735
2020-03-16 14:00:00,FLAT,LONG,0.0,0.0045883060957177734,0.003735459142010591,0.0045883060957177734
2020-03-16 15:00:00,FLAT,LONG,0.0,0.004055505705481861,0.0032767505099705486,0.004055505705481861
2020-03-16 16:00:00,LONG,LONG,0.0,0.009347943422707887,0.006567371330467583,0.009347943422707887
2020-03-16 17:00:00,LONG,LONG,0.0,0.007640493416042716,0.0051980727106361885,0.007640493416042716
2020-03-16 18:00:00,LONG,LONG,0.0,0.013273236142617311,0.00856135069002352,0.013273236142617311
2020-03-16 19:00:00,LONG,LONG,0.0,0.009818185130603339,0.0068350270024817444,0.009818185130603339
2020-03-16 20:00:00,LONG,LONG,0.0,0.010420393881183146,0.006786160316203659,0.010420393881183146
2020-03-16 21:00:00,LONG,LONG,0.0,0.020257014440182672,0.012651090288772017,0.020257014440182672
2020-03-16 22:00:00,LONG,LONG,0.0,0.012772194373119786,0.00928855979809608,0.012772194373119786
2020-03-16 23:00:00,LONG,LONG,0.0,0.008876282120636446,0.007476675325544001,0.008876282120636446
2020-03-17 00:00:00,FLAT,LONG,0.0,0.005048277078155553,0.004224677095480372,0.005048277078155553
2020-03-17 01:00:00,FLAT,SHORT,0.0,0.0049566684494299785,0.005593749296947218,0.005593749296947218
2020-03-17 02:00:00,SHORT,SHORT,0.0,0.005551135948981483,0.008506354392887123,0.008506354392887123
2020-03-17 03:00:00,SHORT,SHORT,0.0,0.0052845572317185546,0.006671408378922248,0.006671408378922248
2020-03-17 04:00:00,SHORT,SHORT,0.0,0.003846095244712737,0.005987973467636562,0.005987973467636562
2020-03-17 05:00:00,SHORT,SHORT,0.0,0.0043155986789302075,0.007065816058810331,0.007065816058810331
2020-03-17 06:00:00,FLAT,SHORT,0.0,0.006668965237480764,0.006911661745790167,0.006911661745790167
2020-03-17 07:00:00,FLAT,SHORT,0.0,0.0030740839175570672,0.003537261012950437,0.003537261012950437
2020-03-17 08:00:00,FLAT,SHORT,0.0,0.003161301712101456,0.003931012780751508,0.003931012780751508
2020-03-17 09:00:00,FLAT,SHORT,0.0,0.003694632918943049,0.0038428346932825094,0.0038428346932825094
2020-03-17 10:00:00,FLAT,SHORT,0.0,0.0032031721161793073,0.004144073841201895,0.004144073841201895
2020-03-17 11:00:00,FLAT,SHORT,0.0,0.0035318324852990387,0.0037831926056959755,0.0037831926056959755
2020-03-17 12:00:00,SHORT,SHORT,0.0,0.003786517341806779,0.004851144158799539,0.004851144158799539
2020-03-17 13:00:00,SHORT,SHORT,0.0,0.0038914101722428004,0.0056966667081585695,0.0056966667081585695
2020-03-17 14:00:00,SHORT,SHORT,0.0,0.003864938403446372,0.005186770796567857,0.005186770796567857
2020-03-17 15:00:00,SHORT,SHORT,0.0,0.003748111479562086,0.004843007815185524,0.004843007815185524
2020-03-17 16:00:00,SHORT,SHORT,0.0,0.003539751282917253,0.004994802590260025,0.004994802590260025
2020-03-17 17:00:00,FLAT,SHORT,0.0,0.0034208529985348206,0.004192430241725129,0.004192430241725129
2020-03-17 18:00:00,SHORT,SHORT,0.0,0.0035864561903504134,0.005071337695306785,0.005071337695306785
2020-03-17 19:00:00,FLAT,SHORT,0.0,0.004105019803961188,0.0048195127031331764,0.0048195127031331764
2020-03-17 20:00:00,FLAT,LONG,0.0,0.004583275235211313,0.004037578279062248,0.004583275235211313
2020-03-17 21:00:00,FLAT,LONG,0.0,0.004049904072375684,0.0037992296226054814,0.004049904072375684
2020-03-17 22:00:00,FLAT,LONG,0.0,0.0042076186439609685,0.0036438029104488407,0.0042076186439609685
2020-03-17 23:00:00,LONG,LONG,0.0,0.005495536852740245,0.004144677533528356,0.005495536852740245
2020-03-18 00:00:00,LONG,LONG,0.0,0.007495557778563419,0.0052998057079258745,0.007495557778563419
2020-03-18 01:00:00,FLAT,LONG,0.0,0.005895190470099009,0.005401554693855382,0.005895190470099009
2020-03-18 02:00:00,FLAT,SHORT,0.0,0.003582273288351005,0.003827307971411086,0.003827307971411086
2020-03-18 03:00:00,FLAT,SHORT,0.0,0.0029410442631920843,0.003467591959630258,0.003467591959630258
2020-03-18 04:00:00,FLAT,SHORT,0.0,0.0029353683375744144,0.0034739532011178586,0.0034739532011178586
2020-03-18 05:00:00,FLAT,SHORT,0.0,0.0029520684573861836,0.0034029429939275288,0.0034029429939275288
2020-03-18 06:00:00,FLAT,SHORT,0.0,0.0029456651306641606,0.0034542923594816865,0.0034542923594816865
2020-03-18 07:00:00,SHORT,SHORT,0.0,0.0034490244496665377,0.004543244815186974,0.004543244815186974
2020-03-18 08:00:00,FLAT,SHORT,0.0,0.003540353777504098,0.004401491204809012,0.004401491204809012
2020-03-18 09:00:00,FLAT,SHORT,0.0,0.003047880415492951,0.00363122339904412,0.00363122339904412
2020-03-18 10:00:00,FLAT,LONG,0.0,0.004843509121534694,0.004283210755770319,0.004843509121534694
2020-03-18 11:00:00,FLAT,SHORT,0.0,0.0030063663137320147,0.0030787343897412294,0.0030787343897412294
2020-03-18 12:00:00,FLAT,LONG,0.0,0.0030619616988103934,0.003007937216279568,0.0030619616988103934
2020-03-18 13:00:00,FLAT,LONG,0.0,0.0033599681961292505,0.003081380071727487,0.0033599681961292505
2020-03-18 14:00:00,FLAT,LONG,0.0,0.004936689726188251,0.003963485720342484,0.004936689726188251
2020-03-18 15:00:00,FLAT,LONG,0.0,0.003951018969650022,0.0034116375597371563,0.003951018969650022
2020-03-18 16:00:00,LONG,LONG,0.0,0.005776839575138657,0.004735841895438473,0.005776839575138657
2020-03-18 17:00:00,FLAT,LONG,0.0,0.0038625509391705393,0.0031975182824733888,0.0038625509391705393
2020-03-18 18:00:00,LONG,LONG,0.0,0.005718214692063102,0.0043104068667927905,0.005718214692063102
2020-03-18 19:00:00,FLAT,LONG,0.0,0.004887213322287578,0.003986238248207824,0.004887213322287578
2020-03-18 20:00:00,LONG,LONG,0.0,0.004818762779613055,0.0037890032579074337,0.004818762779613055
2020-03-18 21:00:00,FLAT,LONG,0.0,0.00493420069300804,0.004161426323549803,0.00493420069300804
2020-03-18 22:00:00,FLAT,LONG,0.0,0.004487063390323876,0.0042234967245620165,0.004487063390323876
2020-03-18 23:00:00,FLAT,LONG,0.0,0.004071761259429778,0.0037638805176478753,0.004071761259429778
2020-03-19 00:00:00,FLAT,SHORT,0.0,0.005293262290098722,0.006180049818405902,0.006180049818405902
2020-03-19 01:00:00,FLAT,SHORT,0.0,0.0030847462667574514,0.003701748305707546,0.003701748305707546
2020-03-19 02:00:00,FLAT,SHORT,0.0,0.0030523194537045058,0.003885639390110174,0.003885639390110174
2020-03-19 03:00:00,FLAT,LONG,0.0,0.004984545016005813,0.004809933391049555,0.004984545016005813
2020-03-19 04:00:00,FLAT,SHORT,0.0,0.0031441023106356155,0.0035359049310865784,0.0035359049310865784
2020-03-19 05:00:00,SHORT,SHORT,0.0,0.003427547522596392,0.004682318263573793,0.004682318263573793
2020-03-19 06:00:00,FLAT,SHORT,0.0,0.003064243516696216,0.0038717989550716646,0.0038717989550716646
2020-03-19 07:00:00,FLAT,SHORT,0.0,0.0030693444564840553,0.0037903510025563505,0.0037903510025563505
2020-03-19 08:00:00,FLAT,SHORT,0.0,0.003270562090213042,0.0038948982355127824,0.0038948982355127824
2020-03-19 09:00:00,FLAT,SHORT,0.0,0.003577619621820341,0.003789655785426051,0.003789655785426051
2020-03-19 10:00:00,FLAT,SHORT,0.0,0.0032802135684796255,0.0035799809016378776,0.0035799809016378776
2020-03-19 11:00:00,FLAT,LONG,0.0,0.004316001961904602,0.003925589143016223,0.004316001961904602
2020-03-19 12:00:00,FLAT,LONG,0.0,0.00357392045485914,0.0032739502901245623,0.00357392045485914
2020-03-19 13:00:00,FLAT,LONG,0.0,0.0046948993033705585,0.0037405757981918432,0.0046948993033705585
2020-03-19 14:00:00,FLAT,LONG,0.0,0.003146208251080189,0.0030141452808450492,0.003146208251080189
2020-03-19 15:00:00,FLAT,LONG,0.0,0.003149716260579537,0.0030011377134462895,0.003149716260579537
2020-03-19 16:00:00,FLAT,SHORT,0.0,0.0032162303110711055,0.0035966104658272,0.0035966104658272
2020-03-19 17:00:00,FLAT,LONG,0.0,0.004062428586953466,0.0035207019035704036,0.004062428586953466
2020-03-19 18:00:00,FLAT,LONG,0.0,0.003906601338127179,0.0036421421221481997,0.003906601338127179
2020-03-19 19:00:00,FLAT,LONG,0.0,0.003360133866976519,0.0032649967028367246,0.003360133866976519
2020-03-19 20:00:00,SHORT,SHORT,0.0,0.004634565090696953,0.005791953012562575,0.005791953012562575
2020-03-19 21:00:00,FLAT,SHORT,0.0,0.003775019251475901,0.004433597051165642,0.004433597051165642
2020-03-19 22:00:00,FLAT,SHORT,0.0,0.003482223811471515,0.004402730247989671,0.004402730247989671
2020-03-19 23:00:00,SHORT,SHORT,0.0,0.005550848071633691,0.00806102457074497,0.00806102457074497
2020-03-20 00:00:00,SHORT,SHORT,0.0,0.0051372983548586505,0.006790486953159807,0.006790486953159807
2020-03-20 01:00:00,SHORT,SHORT,0.0,0.004411799902769624,0.005614425955471855,0.005614425955471855
2020-03-20 02:00:00,SHORT,SHORT,0.0,0.004387456639473136,0.005823331689803721,0.005823331689803721
2020-03-20 03:00:00,SHORT,SHORT,0.0,0.0061674747654972845,0.00928990001714788,0.00928990001714788
2020-03-20 04:00:00,SHORT,SHORT,0.0,0.005988012126202164,0.009449915766215029,0.009449915766215029
2020-03-20 05:00:00,SHORT,SHORT,0.0,0.007326541247142568,0.00885711688366693,0.00885711688366693
2020-03-20 06:00:00,SHORT,SHORT,0.0,0.0044481823345546,0.00640439879506316,0.00640439879506316
2020-03-20 07:00:00,SHORT,SHORT,0.0,0.0044128516196863116,0.005857751416754637,0.005857751416754637
2020-03-20 08:00:00,SHORT,SHORT,0.0,0.004275324867110162,0.005487706055068338,0.005487706055068338
2020-03-20 09:00:00,FLAT,SHORT,0.0,0.00425719616791136,0.005040963696202038,0.005040963696202038
2020-03-20 10:00:00,FLAT,LONG,0.0,0.005623871572429345,0.005351670825120164,0.005623871572429345
2020-03-20 11:00:00,FLAT,LONG,0.0,0.0038233211701262262,0.0037434086201374355,0.0038233211701262262
2020-03-20 12:00:00,FLAT,LONG,0.0,0.004671928836648233,0.003930710215925717,0.004671928836648233
2020-03-20 13:00:00,FLAT,LONG,0.0,0.003925594395624732,0.0033144926869300927,0.003925594395624732
2020-03-20 14:00:00,FLAT,LONG,0.0,0.0043903781827051395,0.003500556166135629,0.0043903781827051395
2020-03-20 15:00:00,FLAT,LONG,0.0,0.004275584290647524,0.003579867013284128,0.004275584290647524
2020-03-20 16:00:00,FLAT,LONG,0.0,0.004081407875551479,0.0034034891264602056,0.004081407875551479
2020-03-20 17:00:00,FLAT,SHORT,0.0,0.003066492398718174,0.003075103125603544,0.003075103125603544
2020-03-20 18:00:00,SHORT,SHORT,0.0,0.003373254169209218,0.00440055943328262,0.00440055943328262
2020-03-20 19:00:00,SHORT,SHORT,0.0,0.005439178749752446,0.007293100969438698,0.007293100969438698
2020-03-20 20:00:00,SHORT,SHORT,0.0,0.004641404303276229,0.007144248752071476,0.007144248752071476
2020-03-20 21:00:00,SHORT,SHORT,0.0,0.0049016001862915125,0.007730959985097271,0.007730959985097271
2020-03-20 22:00:00,SHORT,SHORT,0.0,0.005806783367403777,0.0073362390043276455,0.0073362390043276455
2020-03-20 23:00:00,SHORT,SHORT,0.0,0.0038909982518207744,0.004898634125320419,0.004898634125320419
2020-03-21 00:00:00,FLAT,SHORT,0.0,0.0038223822129811306,0.003951017071636704,0.003951017071636704
2020-03-21 01:00:00,FLAT,SHORT,0.0,0.0032148487097747027,0.0037602536154723843,0.0037602536154723843
2020-03-21 02:00:00,FLAT,SHORT,0.0,0.003604310752456253,0.003663481803738959,0.003663481803738959
2020-03-21 03:00:00,LONG,LONG,0.0,0.0062603437076106635,0.005004887865478852,0.0062603437076106635
2020-03-21 04:00:00,LONG,LONG,0.0,0.00500479148758949,0.003680930975996283,0.00500479148758949
2020-03-21 05:00:00,LONG,LONG,0.0,0.008922734725490796,0.006063915354426938,0.008922734725490796
2020-03-21 06:00:00,LONG,LONG,0.0,0.008207510189034223,0.005459219979850044,0.008207510189034223
2020-03-21 07:00:00,LONG,LONG,0.0,0.014316779932913689,0.009176770226271115,0.014316779932913689
2020-03-21 08:00:00,LONG,LONG,0.0,0.010041900115416096,0.00831364282679595,0.010041900115416096
2020-03-21 09:00:00,LONG,LONG,0.0,0.0063672136889958725,0.0044711058013679585,0.0063672136889958725
2020-03-21 10:00:00,FLAT,LONG,0.0,0.004708002756937799,0.004020840164811446,0.004708002756937799
2020-03-21 11:00:00,FLAT,LONG,0.0,0.004630317250825491,0.0038351016155988922,0.004630317250825491
2020-03-21 12:00:00,FLAT,SHORT,0.0,0.0042954522256023146,0.004610859445224316,0.004610859445224316
2020-03-21 13:00:00,FLAT,SHORT,0.0,0.003121184247758007,0.003299052364280614,0.003299052364280614
2020-03-21 14:00:00,FLAT,SHORT,0.0,0.0032364886062366247,0.003279279819690261,0.003279279819690261
2020-03-21 15:00:00,FLAT,LONG,0.0,0.0035014863036165146,0.00347621339846682,0.0035014863036165146
2020-03-21 16:00:00,FLAT,LONG,0.0,0.004163016869753777,0.0036791161269378197,0.004163016869753777
2020-03-21 17:00:00,FLAT,SHORT,0.0,0.003933887046017222,0.0046592287382872626,0.0046592287382872626
2020-03-21 18:00:00,FLAT,SHORT,0.0,0.003203859297894918,0.0032616720220297406,0.0032616720220297406
2020-03-21 19:00:00,FLAT,LONG,0.0,0.003398440373894569,0.00298282404998523,0.003398440373894569
2020-03-21 20:00:00,LONG,LONG,0.0,0.0053402390428458,0.004035585628896929,0.0053402390428458
2020-03-21 21:00:00,LONG,LONG,0.0,0.005545590307678137,0.003942610166309725,0.005545590307678137
2020-03-21 22:00:00,FLAT,LONG,0.0,0.004019493141413066,0.0037559511267835684,0.004019493141413066
2020-03-21 23:00:00,FLAT,SHORT,0.0,0.002972878224611699,0.0030300246934016144,0.0030300246934016144
2020-03-22 00:00:00,FLAT,SHORT,0.0,0.0027713838549989853,0.003091893840301233,0.003091893840301233
2020-03-22 01:00:00,FLAT,SHORT,0.0,0.0028187556442779878,0.0028855094816256526,0.0028855094816256526
2020-03-22 02:00:00,FLAT,SHORT,0.0,0.0028567308634180884,0.003471379245229653,0.003471379245229653
2020-03-22 03:00:00,FLAT,SHORT,0.0,0.0037079835922043678,0.003930850762766134,0.003930850762766134
2020-03-22 04:00:00,FLAT,LONG,0.0,0.0033746168865984826,0.0032953469527678145,0.0033746168865984826
2020-03-22 05:00:00,FLAT,SHORT,0.0,0.003155018481882636,0.0036917479766771914,0.0036917479766771914
2020-03-22 06:00:00,FLAT,SHORT,0.0,0.002897732137061168,0.003102997825942103,0.003102997825942103
2020-03-22 07:00:00,SHORT,SHORT,0.0,0.003223168803971164,0.004511579359957715,0.004511579359957715
2020-03-22 08:00:00,FLAT,SHORT,0.0,0.0047709072353425384,0.004775433271035365,0.004775433271035365
2020-03-22 09:00:00,FLAT,LONG,0.0,0.0029777786273649212,0.002856644516408286,0.0029777786273649212
2020-03-22 10:00:00,FLAT,LONG,0.0,0.003571076311330969,0.00309857159329939,0.003571076311330969
2020-03-22 11:00:00,FLAT,LONG,0.0,0.003572382248930298,0.0030686774017655008,0.003572382248930298
2020-03-22 12:00:00,FLAT,LONG,0.0,0.0032030468789304807,0.003145262864369584,0.0032030468789304807
2020-03-22 13:00:00,FLAT,SHORT,0.0,0.0028621201251413843,0.003082022598468329,0.003082022598468329
2020-03-22 14:00:00,FLAT,SHORT,0.0,0.0030708188934721247,0.0037069693985244366,0.0037069693985244366
2020-03-22 15:00:00,FLAT,SHORT,0.0,0.003188742911573804,0.003390125908066316,0.003390125908066316
2020-03-22 16:00:00,FLAT,SHORT,0.0,0.0028632075875770005,0.003445008101819793,0.003445008101819793
2020-03-22 17:00:00,FLAT,LONG,0.0,0.0034657287931495044,0.0033779373054924192,0.0034657287931495044
2020-03-22 18:00:00,FLAT,LONG,0.0,0.0034591372638904183,0.003058188085280009,0.0034591372638904183
2020-03-22 19:00:00,FLAT,LONG,0.0,0.003184062585076152,0.002833681828538952,0.003184062585076152
2020-03-22 20:00:00,FLAT,SHORT,0.0,0.002947088352175841,0.002960777438696459,0.002960777438696459
2020-03-22 21:00:00,FLAT,SHORT,0.0,0.0030142466067552467,0.003078918812808084,0.003078918812808084
2020-03-22 22:00:00,LONG,LONG,0.0,0.005019071134718462,0.0039373042942367695,0.005019071134718462
2020-03-22 23:00:00,LONG,LONG,0.0,0.006690926327804151,0.004785694827279405,0.006690926327804151
2020-03-23 00:00:00,LONG,LONG,0.0,0.005095943764996887,0.0040330647640816975,0.005095943764996887
2020-03-23 01:00:00,FLAT,LONG,0.0,0.004250927820701897,0.003273428297598078,0.004250927820701897
2020-03-23 02:00:00,FLAT,LONG,0.0,0.0037805208276854257,0.0031885823739526763,0.0037805208276854257
2020-03-23 03:00:00,FLAT,LONG,0.0,0.003716490716474224,0.0031488431523458097,0.003716490716474224
2020-03-23 04:00:00,FLAT,LONG,0.0,0.003843642839055735,0.003524765147762338,0.003843642839055735
2020-03-23 05:00:00,FLAT,LONG,0.0,0.003697740602827461,0.003428380305550982,0.003697740602827461
2020-03-23 06:00:00,FLAT,LONG,0.0,0.0046433402034885525,0.0041955462057373105,0.0046433402034885525
2020-03-23 07:00:00,FLAT,LONG,0.0,0.003931690773533195,0.0038558536638031104,0.003931690773533195
2020-03-23 08:00:00,FLAT,SHORT,0.0,0.003506354901005806,0.003843432271066019,0.003843432271066019
2020-03-23 09:00:00,FLAT,LONG,0.0,0.005025006497683203,0.004307361210245361,0.005025006497683203
2020-03-23 10:00:00,FLAT,LONG,0.0,0.0041885135242283435,0.003785200895472077,0.0041885135242283435
2020-03-23 11:00:00,FLAT,SHORT,0.0,0.004067942841654554,0.00438917247892963,0.00438917247892963
2020-03-23 12:00:00,FLAT,LONG,0.0,0.0031209773092312964,0.002972011134204376,0.0031209773092312964
2020-03-23 13:00:00,FLAT,LONG,0.0,0.0029345124651544256,0.0026912532239136895,0.0029345124651544256
2020-03-23 14:00:00,FLAT,SHORT,0.0,0.002758198741957021,0.003131813875592009,0.003131813875592009
2020-03-23 15:00:00,FLAT,SHORT,0.0,0.003042912143911896,0.0030555654201943087,0.0030555654201943087
2020-03-23 16:00:00,FLAT,SHORT,0.0,0.0028590559622938974,0.002967529608470163,0.002967529608470163
2020-03-23 17:00:00,FLAT,SHORT,0.0,0.0026621860621913965,0.0030181254732547774,0.0030181254732547774
2020-03-23 18:00:00,FLAT,LONG,0.0,0.0031365449216852787,0.0030608738192234117,0.0031365449216852787
2020-03-23 19:00:00,FLAT,LONG,0.0,0.003702456422495791,0.0032332379834735703,0.003702456422495791
2020-03-23 20:00:00,FLAT,LONG,0.0,0.003078001947631418,0.0027266748072990307,0.003078001947631418
2020-03-23 21:00:00,FLAT,SHORT,0.0,0.0028899430637793987,0.0030591093585056427,0.0030591093585056427
2020-03-23 22:00:00,FLAT,SHORT,0.0,0.002802752567282781,0.0029532521954956526,0.0029532521954956526
2020-03-23 23:00:00,SHORT,SHORT,0.0,0.005844949408157933,0.009222204620616785,0.009222204620616785
2020-03-24 00:00:00,SHORT,SHORT,0.0,0.005052609421526125,0.006812439993351627,0.006812439993351627
2020-03-24 01:00:00,SHORT,SHORT,0.0,0.0038958566822655727,0.005359849365498245,0.005359849365498245
2020-03-24 02:00:00,SHORT,SHORT,0.0,0.00337936767365498,0.004447307290079116,0.004447307290079116
2020-03-24 03:00:00,SHORT,SHORT,0.0,0.004003344289998588,0.006377989070451537,0.006377989070451537
2020-03-24 04:00:00,SHORT,SHORT,0.0,0.004601179331242931,0.005885985904464201,0.005885985904464201
2020-03-24 05:00:00,FLAT,SHORT,0.0,0.0031212448816266,0.004076427825338102,0.004076427825338102
2020-03-24 06:00:00,FLAT,SHORT,0.0,0.0029184561447350987,0.003678867310796712,0.003678867310796712
2020-03-24 07:00:00,SHORT,SHORT,0.0,0.003299378710220225,0.004663662231865019,0.004663662231865019
2020-03-24 08:00:00,SHORT,SHORT,0.0,0.0033786271935583563,0.0046898092451800166,0.0046898092451800166
2020-03-24 09:00:00,FLAT,SHORT,0.0,0.003681031288528829,0.0041405967172010545,0.0041405967172010545
2020-03-24 10:00:00,FLAT,SHORT,0.0,0.003438072823243545,0.0037782399933482605,0.0037782399933482605
2020-03-24 11:00:00,FLAT,SHORT,0.0,0.00355765343923107,0.004447583794797504,0.004447583794797504
2020-03-24 12:00:00,FLAT,LONG,0.0,0.004040448920089884,0.004030580328639332,0.004040448920089884
2020-03-24 13:00:00,SHORT,SHORT,0.0,0.00297038736883086,0.0040567075269005125,0.0040567075269005125
2020-03-24 14:00:00,FLAT,SHORT,0.0,0.0036577132095302243,0.0037799573331436785,0.0037799573331436785
2020-03-24 15:00:00,FLAT,LONG,0.0,0.004311299402050302,0.0036261651488104438,0.004311299402050302
2020-03-24 16:00:00,FLAT,LONG,0.0,0.0033235456846101665,0.00296142568536932,0.0033235456846101665
2020-03-24 17:00:00,FLAT,SHORT,0.0,0.002808494599438151,0.0032016935817049015,0.0032016935817049015
2020-03-24 18:00:00,FLAT,LONG,0.0,0.0031589820433410077,0.0029595553398683696,0.0031589820433410077
2020-03-24 19:00:00,FLAT,SHORT,0.0,0.003427879129053322,0.003948061337045649,0.003948061337045649
2020-03-24 20:00:00,FLAT,SHORT,0.0,0.0032127746508324078,0.003724426258326779,0.003724426258326779
2020-03-24 21:00:00,FLAT,SHORT,0.0,0.0033375312121778134,0.0035498603754983197,0.0035498603754983197
2020-03-24 22:00:00,FLAT,SHORT,0.0,0.0027772021914386938,0.003172251555532478,0.003172251555532478
2020-03-24 23:00:00,FLAT,LONG,0.0,0.0036328912177691322,0.0033546349226705073,0.0036328912177691322
2020-03-25 00:00:00,FLAT,LONG,0.0,0.002709792911155369,0.002603635193281924,0.002709792911155369
2020-03-25 01:00:00,FLAT,LONG,0.0,0.0028178644094607264,0.00269262336114442,0.0028178644094607264
2020-03-25 02:00:00,FLAT,LONG,0.0,0.0030121822804806964,0.002631114128669705,0.0030121822804806964
2020-03-25 03:00:00,FLAT,LONG,0.0,0.0025958454075123653,0.0024328658676462133,0.0025958454075123653
2020-03-25 04:00:00,FLAT,LONG,0.0,0.002773703341541361,0.002607996255747237,0.002773703341541361
2020-03-25 05:00:00,FLAT,LONG,0.0,0.003970930273266648,0.003105826023309879,0.003970930273266648
2020-03-25 06:00:00,FLAT,LONG,0.0,0.0033968803408291883,0.002966485562501947,0.0033968803408291883
2020-03-25 07:00:00,FLAT,LONG,0.0,0.0028827555757136324,0.0027489864385172144,0.0028827555757136324
2020-03-25 08:00:00,FLAT,LONG,0.0,0.003271657059592096,0.002854261387101553,0.003271657059592096
2020-03-25 09:00:00,FLAT,SHORT,0.0,0.002677896503491797,0.0030745228784355167,0.0030745228784355167
2020-03-25 10:00:00,FLAT,SHORT,0.0,0.0024597383601471963,0.0029393812748726546,0.0029393812748726546
2020-03-25 11:00:00,FLAT,SHORT,0.0,0.002606823738867565,0.002694159463475106,0.002694159463475106
2020-03-25 12:00:00,FLAT,LONG,0.0,0.0032329071034095424,0.0031086645044690036,0.0032329071034095424
2020-03-25 13:00:00,FLAT,LONG,0.0,0.0028796029467041385,0.0024850357101091672,0.0028796029467041385
2020-03-25 14:00:00,FLAT,LONG,0.0,0.0028792460056265745,0.0025631996368119725,0.0028792460056265745
2020-03-25 15:00:00,FLAT,LONG,0.0,0.00290946911296124,0.0026423643900085557,0.00290946911296124
2020-03-25 16:00:00,FLAT,LONG,0.0,0.003102154929402294,0.0030383180073222517,0.003102154929402294
2020-03-25 17:00:00,FLAT,LONG,0.0,0.0027859765722962997,0.00252199438786257,0.0027859765722962997
2020-03-25 18:00:00,FLAT,LONG,0.0,0.0025275291340592873,0.00239902069068505,0.0025275291340592873
2020-03-25 19:00:00,FLAT,SHORT,0.0,0.0028516293956008802,0.0030849312183391787,0.0030849312183391787
2020-03-25 20:00:00,FLAT,SHORT,0.0,0.0026718737186019583,0.0033972720046265567,0.0033972720046265567
2020-03-25 21:00:00,FLAT,LONG,0.0,0.007211913389942177,0.006361331627989104,0.007211913389942177
2020-03-25 22:00:00,FLAT,LONG,0.0,0.003741608443518916,0.00295303220286421,0.003741608443518916
2020-03-25 23:00:00,FLAT,LONG,0.0,0.003170467027597286,0.0031124185617861367,0.003170467027597286
2020-03-26 00:00:00,FLAT,LONG,0.0,0.002897200998944535,0.0026173322207825693,0.002897200998944535
2020-03-26 01:00:00,FLAT,SHORT,0.0,0.002784508086200556,0.002866428649272948,0.002866428649272948
2020-03-26 02:00:00,FLAT,LONG,0.0,0.002583350509040125,0.0023521912717322743,0.002583350509040125
2020-03-26 03:00:00,FLAT,LONG,0.0,0.0025823998967537337,0.0024530204126087516,0.0025823998967537337
2020-03-26 04:00:00,FLAT,LONG,0.0,0.002746601556469052,0.0024196913871684864,0.002746601556469052
2020-03-26 05:00:00,FLAT,LONG,0.0,0.002537116392780242,0.0023531071153449126,0.002537116392780242
2020-03-26 06:00:00,FLAT,LONG,0.0,0.0027342867697708727,0.0026041683778750863,0.0027342867697708727
2020-03-26 07:00:00,FLAT,LONG,0.0,0.0026894236347499386,0.002476707980065771,0.0026894236347499386
2020-03-26 08:00:00,FLAT,LONG,0.0,0.0025526342591815285,0.0024572459696249253,0.0025526342591815285
2020-03-26 09:00:00,FLAT,SHORT,0.0,0.002681646009071087,0.003324078753025769,0.003324078753025769
2020-03-26 10:00:00,FLAT,SHORT,0.0,0.002981673787961229,0.003981423401038579,0.003981423401038579
2020-03-26 11:00:00,FLAT,SHORT,0.0,0.0027446544518236323,0.0028672489008216982,0.0028672489008216982
2020-03-26 12:00:00,FLAT,LONG,0.0,0.0034852277594133382,0.0030280321127473023,0.0034852277594133382
2020-03-26 13:00:00,FLAT,LONG,0.0,0.0027309854408316026,0.002521444746663961,0.0027309854408316026
2020-03-26 14:00:00,FLAT,LONG,0.0,0.0032034065815820115,0.002932549875510555,0.0032034065815820115
2020-03-26 15:00:00,FLAT,LONG,0.0,0.002787374997341801,0.0026308283711801556,0.002787374997341801
2020-03-26 16:00:00,FLAT,LONG,0.0,0.0031239918479637236,0.0027230557437490496,0.0031239918479637236
2020-03-26 17:00:00,FLAT,LONG,0.0,0.0025389891215250797,0.0024532992995915854,0.0025389891215250797
2020-03-26 18:00:00,FLAT,LONG,0.0,0.002820839426450344,0.0024809974210625446,0.002820839426450344
2020-03-26 19:00:00,FLAT,LONG,0.0,0.0025989266848841716,0.002406001816380139,0.0025989266848841716
2020-03-26 20:00:00,FLAT,LONG,0.0,0.0026970815625419467,0.002380350200384342,0.0026970815625419467
2020-03-26 21:00:00,FLAT,LONG,0.0,0.0029060786047876205,0.0024642553928937386,0.0029060786047876205
2020-03-26 22:00:00,FLAT,LONG,0.0,0.0028603288810399403,0.002441216266803135,0.0028603288810399403
2020-03-26 23:00:00,FLAT,SHORT,0.0,0.0025391704395102787,0.002543248332715141,0.002543248332715141
2020-03-27 00:00:00,FLAT,SHORT,0.0,0.002468785848922187,0.002506049657610474,0.002506049657610474
2020-03-27 01:00:00,FLAT,SHORT,0.0,0.0029341748851387938,0.003290227323977062,0.003290227323977062
2020-03-27 02:00:00,FLAT,SHORT,0.0,0.002575316387563096,0.002819082743071302,0.002819082743071302
2020-03-27 03:00:00,FLAT,SHORT,0.0,0.002411769226273331,0.0026501415150979495,0.0026501415150979495
2020-03-27 04:00:00,FLAT,SHORT,0.0,0.0028196760728268207,0.00348081725748314,0.00348081725748314
2020-03-27 05:00:00,FLAT,SHORT,0.0,0.00243228028338734,0.0028302097207803163,0.0028302097207803163
2020-03-27 06:00:00,FLAT,LONG,0.0,0.0026101747685134714,0.002452853173881425,0.0026101747685134714
2020-03-27 07:00:00,FLAT,SHORT,0.0,0.0028563781026477264,0.002941077664513484,0.002941077664513484
2020-03-27 08:00:00,FLAT,LONG,0.0,0.003759845456414284,0.0031862211941775065,0.003759845456414284
2020-03-27 09:00:00,FLAT,LONG,0.0,0.003103741232457987,0.0027157009640165694,0.003103741232457987
2020-03-27 10:00:00,FLAT,LONG,0.0,0.0030619397894744394,0.002781990271233036,0.0030619397894744394
2020-03-27 11:00:00,FLAT,LONG,0.0,0.0034272842233688122,0.0033397452118113773,0.0034272842233688122
2020-03-27 12:00:00,FLAT,LONG,0.0,0.0038101316123186667,0.003419345305252684,0.0038101316123186667
2020-03-27 13:00:00,FLAT,LONG,0.0,0.003401226242815018,0.003036673225483411,0.003401226242815018
2020-03-27 14:00:00,FLAT,LONG,0.0,0.0033017706400021037,0.0029339880538267714,0.0033017706400021037
2020-03-27 15:00:00,FLAT,LONG,0.0,0.003961241652100306,0.003189598668951583,0.003961241652100306
2020-03-27 16:00:00,FLAT,LONG,0.0,0.003879759469445128,0.003072045907631251,0.003879759469445128
2020-03-27 17:00:00,FLAT,LONG,0.0,0.0029576438179520458,0.0024686882258781687,0.0029576438179520458
2020-03-27 18:00:00,FLAT,LONG,0.0,0.00293344505154439,0.0024667667271180992,0.00293344505154439
2020-03-27 19:00:00,FLAT,LONG,0.0,0.0029515521094379766,0.002426848655380518,0.0029515521094379766
2020-03-27 20:00:00,FLAT,LONG,0.0,0.0030383359560604284,0.0024622814722571737,0.0030383359560604284
2020-03-27 21:00:00,FLAT,LONG,0.0,0.0026875658795506526,0.002483081451139329,0.0026875658795506526
2020-03-27 22:00:00,FLAT,LONG,0.0,0.00274016680733838,0.0024763169798260026,0.00274016680733838
2020-03-27 23:00:00,FLAT,LONG,0.0,0.002749123994292631,0.0024560770323482127,0.002749123994292631
2020-03-28 00:00:00,FLAT,LONG,0.0,0.0031271710018096087,0.0029073544253948656,0.0031271710018096087
2020-03-28 01:00:00,FLAT,SHORT,0.0,0.003428065322640807,0.004089138938188107,0.004089138938188107
2020-03-28 02:00:00,FLAT,SHORT,0.0,0.0032078554766886177,0.003906761174065514,0.003906761174065514
2020-03-28 03:00:00,FLAT,SHORT,0.0,0.0030042954659307646,0.003677279509999619,0.003677279509999619
2020-03-28 04:00:00,FLAT,SHORT,0.0,0.003110937926407556,0.003926479156107454,0.003926479156107454
2020-03-28 05:00:00,FLAT,SHORT,0.0,0.002761209074769873,0.003403908701858819,0.003403908701858819
2020-03-28 06:00:00,FLAT,LONG,0.0,0.0023718946370182093,0.00230440151805503,0.0023718946370182093
2020-03-28 07:00:00,FLAT,SHORT,0.0,0.0022803581777558904,0.0024510054597703893,0.0024510054597703893
2020-03-28 08:00:00,FLAT,SHORT,0.0,0.002571344483860468,0.0031435128904609587,0.0031435128904609587
2020-03-28 09:00:00,FLAT,SHORT,0.0,0.0023723055364541666,0.0026967353180769762,0.0026967353180769762
2020-03-28 10:00:00,FLAT,LONG,0.0,0.007439257412730808,0.00653994541816286,0.007439257412730808
2020-03-28 11:00:00,FLAT,LONG,0.0,0.004810847583213188,0.00408704716090887,0.004810847583213188
2020-03-28 12:00:00,FLAT,LONG,0.0,0.0050629438036467874,0.004238765699507731,0.0050629438036467874
2020-03-28 13:00:00,FLAT,LONG,0.0,0.004911650083773988,0.004208674651973258,0.004911650083773988
2020-03-28 14:00:00,LONG,LONG,0.0,0.006757170604480495,0.005096393434552241,0.006757170604480495
2020-03-28 15:00:00,FLAT,LONG,0.0,0.005496384365104243,0.0046462974201650735,0.005496384365104243
2020-03-28 16:00:00,FLAT,LONG,0.0,0.004849159204302313,0.0042161379013642,0.004849159204302313
2020-03-28 17:00:00,FLAT,LONG,0.0,0.004606927167724653,0.004244301760882294,0.004606927167724653
2020-03-28 18:00:00,FLAT,LONG,0.0,0.00403509248123913,0.004015122231641071,0.00403509248123913
2020-03-28 19:00:00,FLAT,SHORT,0.0,0.0036190392939674508,0.004177396404107237,0.004177396404107237
2020-03-28 20:00:00,FLAT,SHORT,0.0,0.00337139647940679,0.004102197228687311,0.004102197228687311
2020-03-28 21:00:00,SHORT,SHORT,0.0,0.0034698906827115477,0.004553254003561965,0.004553254003561965
2020-03-28 22:00:00,SHORT,SHORT,0.0,0.0036241334144356844,0.004720826374002337,0.004720826374002337
2020-03-28 23:00:00,SHORT,SHORT,0.0,0.0036774796232940045,0.005060126596539882,0.005060126596539882
2020-03-29 00:00:00,FLAT,SHORT,0.0,0.0026532258515282996,0.0032826759687934626,0.0032826759687934626
2020-03-29 01:00:00,FLAT,SHORT,0.0,0.0023490595036575286,0.0028189739173222995,0.0028189739173222995
2020-03-29 02:00:00,FLAT,SHORT,0.0,0.0023591670151625783,0.0025264666431826584,0.0025264666431826584
2020-03-29 03:00:00,FLAT,SHORT,0.0,0.002211427238640488,0.0023908843841896634,0.0023908843841896634
2020-03-29 04:00:00,LONG,LONG,0.0,0.006310809152210763,0.004872398324987928,0.006310809152210763
2020-03-29 05:00:00,FLAT,LONG,0.0,0.003948335509963063,0.003740637985942292,0.003948335509963063
2020-03-29 06:00:00,FLAT,LONG,0.0,0.002484697176855671,0.002290589990468278,0.002484697176855671
2020-03-29 07:00:00,FLAT,LONG,0.0,0.002425328441081962,0.002330040917925078,0.002425328441081962
2020-03-29 08:00:00,FLAT,LONG,0.0,0.0025202161234439764,0.0023412497561980643,0.0025202161234439764
2020-03-29 09:00:00,FLAT,SHORT,0.0,0.0023555854626455355,0.00241731121633206,0.00241731121633206
2020-03-29 10:00:00,FLAT,SHORT,0.0,0.002230201793605221,0.0024781745618591704,0.0024781745618591704
2020-03-29 11:00:00,FLAT,SHORT,0.0,0.0026637785570868436,0.002702078797789075,0.002702078797789075
2020-03-29 12:00:00,FLAT,SHORT,0.0,0.0022626534536239677,0.002292946671775914,0.002292946671775914
2020-03-29 13:00:00,FLAT,LONG,0.0,0.002308451676925587,0.002302879832412346,0.002308451676925587
2020-03-29 14:00:00,FLAT,SHORT,0.0,0.002250360961577364,0.002280095785905952,0.002280095785905952
2020-03-29 15:00:00,FLAT,SHORT,0.0,0.002277928198275981,0.002329816754994764,0.002329816754994764
2020-03-29 16:00:00,FLAT,LONG,0.0,0.002769545179663279,0.0025154945909147404,0.002769545179663279
2020-03-29 17:00:00,FLAT,LONG,0.0,0.0024262400114314756,0.0023548527183898517,0.0024262400114314756
2020-03-29 18:00:00,LONG,LONG,0.0,0.0040273764688192795,0.0029737707360027133,0.0040273764688192795
2020-03-29 19:00:00,FLAT,LONG,0.0,0.002668651973392558,0.0023574522184360543,0.002668651973392558
2020-03-29 20:00:00,FLAT,LONG,0.0,0.003175781534331505,0.0031199990486119058,0.003175781534331505
2020-03-29 21:00:00,FLAT,SHORT,0.0,0.0030412654997744337,0.0035297801669948556,0.0035297801669948556
2020-03-29 22:00:00,FLAT,SHORT,0.0,0.00271228733265486,0.002772508234450855,0.002772508234450855
2020-03-29 23:00:00,FLAT,SHORT,0.0,0.002574067502944345,0.002609064805617147,0.002609064805617147
2020-03-30 00:00:00,FLAT,SHORT,0.0,0.0028327914183846085,0.0033039205166750453,0.0033039205166750453
2020-03-30 01:00:00,FLAT,SHORT,0.0,0.0024375053256872315,0.002721914411133841,0.002721914411133841
2020-03-30 02:00:00,FLAT,SHORT,0.0,0.0025851836345635515,0.0028704717451243176,0.0028704717451243176
2020-03-30 03:00:00,FLAT,SHORT,0.0,0.0027612176743401925,0.0029256003765979013,0.0029256003765979013
2020-03-30 04:00:00,FLAT,SHORT,0.0,0.00257287972837582,0.002911734565421218,0.002911734565421218
2020-03-30 05:00:00,FLAT,SHORT,0.0,0.002734653390839288,0.0029434502386953454,0.0029434502386953454
2020-03-30 06:00:00,FLAT,LONG,0.0,0.004943796354425789,0.004149626274788378,0.004943796354425789
2020-03-30 07:00:00,FLAT,LONG,0.0,0.003551730094483492,0.0031987306994316076,0.003551730094483492
2020-03-30 08:00:00,FLAT,LONG,0.0,0.0038373168668182044,0.003220341116877041,0.0038373168668182044
2020-03-30 09:00:00,FLAT,LONG,0.0,0.0034556523036508332,0.00308576253887703,0.0034556523036508332
2020-03-30 10:00:00,FLAT,LONG,0.0,0.003577895660240247,0.002929070212150163,0.003577895660240247
2020-03-30 11:00:00,FLAT,SHORT,0.0,0.003533467109630306,0.003758559183099197,0.003758559183099197
2020-03-30 12:00:00,FLAT,SHORT,0.0,0.0030127787381354007,0.0033183984611745293,0.0033183984611745293
2020-03-30 13:00:00,FLAT,SHORT,0.0,0.0026427808591753315,0.003106510898897775,0.003106510898897775
2020-03-30 14:00:00,FLAT,SHORT,0.0,0.0024617511376899305,0.0030113842800085543,0.0030113842800085543
2020-03-30 15:00:00,SHORT,SHORT,0.0,0.002656369230635741,0.0036934401570148834,0.0036934401570148834
2020-03-30 16:00:00,SHORT,SHORT,0.0,0.0034342870794269505,0.005226993062016075,0.005226993062016075
2020-03-30 17:00:00,SHORT,SHORT,0.0,0.003019020634014503,0.004362229214140283,0.004362229214140283
2020-03-30 18:00:00,SHORT,SHORT,0.0,0.0030859805133882988,0.004506589189589628,0.004506589189589628
2020-03-30 19:00:00,SHORT,SHORT,0.0,0.003203511445579877,0.004495857894032215,0.004495857894032215
2020-03-30 20:00:00,FLAT,SHORT,0.0,0.004062422617084506,0.004125187962712906,0.004125187962712906
2020-03-30 21:00:00,FLAT,SHORT,0.0,0.0036667079384538033,0.0038595545600730854,0.0038595545600730854
2020-03-30 22:00:00,FLAT,SHORT,0.0,0.004499516155423885,0.004579378771400653,0.004579378771400653
2020-03-30 23:00:00,FLAT,LONG,0.0,0.004622188739028723,0.004292071803267721,0.004622188739028723
2020-03-31 00:00:00,FLAT,LONG,0.0,0.00514067358391314,0.004301273779668462,0.00514067358391314
2020-03-31 01:00:00,FLAT,LONG,0.0,0.00502694985683782,0.004191362364798516,0.00502694985683782
2020-03-31 02:00:00,FLAT,LONG,0.0,0.005121733007009331,0.004189140115115386,0.005121733007009331
2020-03-31 03:00:00,FLAT,LONG,0.0,0.004991809816804496,0.004112425486787887,0.004991809816804496
2020-03-31 04:00:00,LONG,LONG,0.0,0.005209093293733959,0.004090115804137091,0.005209093293733959
2020-03-31 05:00:00,LONG,LONG,0.0,0.004817655530630439,0.0038064300784655712,0.004817655530630439
2020-03-31 06:00:00,FLAT,LONG,0.0,0.003730487121579008,0.0030955085924421234,0.003730487121579008
2020-03-31 07:00:00,FLAT,LONG,0.0,0.003923800811631154,0.003784228194143006,0.003923800811631154
2020-03-31 08:00:00,FLAT,SHORT,0.0,0.0036714959242986397,0.0037656238015811943,0.0037656238015811943
2020-03-31 09:00:00,FLAT,LONG,0.0,0.0037396138618947484,0.0035499625489130784,0.0037396138618947484
2020-03-31 10:00:00,FLAT,LONG,0.0,0.003723141315218926,0.003164142916219463,0.003723141315218926
2020-03-31 11:00:00,FLAT,LONG,0.0,0.0028647624170299586,0.0026992475504890277,0.0028647624170299586
2020-03-31 12:00:00,FLAT,SHORT,0.0,0.0026299847299657048,0.002912347892678009,0.002912347892678009
2020-03-31 13:00:00,FLAT,LONG,0.0,0.0032956182411825975,0.0029702949841582294,0.0032956182411825975
2020-03-31 14:00:00,FLAT,LONG,0.0,0.0029755989000999545,0.0026076472977133837,0.0029755989000999545
2020-03-31 15:00:00,FLAT,LONG,0.0,0.003354580526393202,0.002778892815242808,0.003354580526393202
2020-03-31 16:00:00,FLAT,LONG,0.0,0.002857357637192532,0.002489559892917781,0.002857357637192532
2020-03-31 17:00:00,FLAT,LONG,0.0,0.002708422801088254,0.0026224229615449315,0.002708422801088254
2020-03-31 18:00:00,FLAT,LONG,0.0,0.0028592003118697936,0.002526778765082247,0.0028592003118697936
2020-03-31 19:00:00,FLAT,LONG,0.0,0.0027857115635911847,0.002738621793225485,0.0027857115635911847
2020-03-31 20:00:00,FLAT,LONG,0.0,0.003209520316056657,0.0027749484596687494,0.003209520316056657
2020-03-31 21:00:00,FLAT,LONG,0.0,0.002617759702514027,0.0025303672452213154,0.002617759702514027
2020-03-31 22:00:00,FLAT,SHORT,0.0,0.0028429986699153465,0.0029201561443510434,0.0029201561443510434
2020-03-31 23:00:00,FLAT,SHORT,0.0,0.0026429151369608455,0.0027578621774883385,0.0027578621774883385
